Event Date / Time,Event Number,Type,Address,Latitude,Longitude
7/13/2024 7:59,2024-042249,28-Oct,"1 10-28 Belleville, IL",38.446531,-90.264658
7/14/2024 2:52,2024-042462,28-Oct,"1 10-28 Belleville, IL",38.446531,-90.264658
7/15/2024 19:28,2024-042802,28-Oct,"1 10-28 Belleville, IL",38.446531,-90.264658
7/18/2024 0:21,2024-043468,28-Oct,"1 10-28 Belleville, IL",38.446531,-90.264658
7/18/2024 11:41,2024-043546,28-Oct,"1 10-28 Belleville, IL",38.446531,-90.264658
7/18/2024 21:13,2024-043666,28-Oct,"1 10-28 Belleville, IL",38.446531,-90.264658
7/19/2024 22:24,2024-043923,28-Oct,"1 10-28 Belleville, IL",38.446531,-90.264658
7/14/2024 12:11,2024-042524,10-27 / 10-29,"1 10-27 / 10-29 Belleville, IL",38.446531,-90.264658
7/16/2024 11:46,2024-042958,10-27 / 10-29,"1 10-27 / 10-29 Belleville, IL",38.446531,-90.264658
7/19/2024 19:54,2024-043874,10-27 / 10-29,"1 10-27 / 10-29 Belleville, IL",38.446531,-90.264658
7/13/2024 9:05,2024-042261,911 HANGUP,"710 S 1ST Belleville, IL",38.5066037,-89.985588
7/13/2024 18:07,2024-042366,911 HANGUP,"1110 S ILLINOIS Belleville, IL",38.5016259,-89.984203
7/13/2024 19:07,2024-042377,911 HANGUP,"710 HECKER ST Belleville, IL",38.5239913,-89.9737061
7/14/2024 4:10,2024-042472,911 HANGUP,"1110 WABASH AVE Belleville, IL",38.5020195,-89.9639902
7/14/2024 21:34,2024-042613,911 HANGUP,"310 GETTYSBURG RD Belleville, IL",38.5550598,-90.0190838
7/15/2024 12:15,2024-042731,911 HANGUP,"210 FREEDOM DR Belleville, IL",38.5389401,-90.0294151
7/16/2024 14:07,2024-043057,911 HANGUP,"310 N 42ND Belleville, IL",38.5398713,-90.0171166
7/16/2024 19:21,2024-043153,911 HANGUP,"410 MITCHELL LN Belleville, IL",38.5522813,-90.0428562
7/16/2024 23:38,2024-043211,911 HANGUP,"10 TALISMAN DR Belleville, IL",38.4997036,-89.9691248
7/17/2024 23:12,2024-043456,911 HANGUP,"510 W MAIN Belleville, IL",38.5133354,-89.9901936342252
7/18/2024 0:57,2024-043470,911 HANGUP,"1710 S 74TH Belleville, IL",38.538904,-90.054365
7/18/2024 4:41,2024-043493,911 HANGUP,"210 FREEDOM DR Belleville, IL",38.5389401,-90.0294151
7/18/2024 17:57,2024-043619,911 HANGUP,"910 ROYAL HEIGHTS Belleville, IL",38.5442171,-90.0137165
7/18/2024 21:14,2024-043667,911 HANGUP,"110 ORCHARD DR Belleville, IL",38.5192068,-89.9544312
7/18/2024 23:01,2024-043687,911 HANGUP,"1210 MAIDEN LN Belleville, IL",38.5006798,-89.9661927
7/19/2024 12:09,2024-043786,911 HANGUP,"210 ARAPAHO DR Belleville, IL",38.498446,-90.0048931
7/19/2024 16:45,2024-043833,911 HANGUP,"510 S 1ST Belleville, IL",38.5084106,-89.985573
7/19/2024 18:57,2024-043851,911 HANGUP,"10 SOUTH BELT Belleville, IL",38.5020943,-89.9848753
7/13/2024 10:33,2024-042274,911 OPEN LINE,"2710 FRANK SCOTT Belleville, IL",38.5201081,-90.0359832
7/13/2024 19:49,2024-042392,911 OPEN LINE,"710 SCHEEL ST Belleville, IL",38.5207741,-89.9755874
7/14/2024 15:56,2024-042557,911 OPEN LINE,"110 STATE ST Belleville, IL",38.5041626,-89.9942209
7/17/2024 9:29,2024-043283,911 OPEN LINE,"4710 RUTH ST Belleville, IL",38.5432031,-90.0321953
7/18/2024 8:14,2024-043507,911 OPEN LINE,"110 LUCINDA AVE Belleville, IL",38.5200054,-89.9651246
7/13/2024 15:08,2024-042334,ABANDON VEHICLE,"1 OLD ST LOUIS Belleville, IL",38.546344,-90.053582
7/13/2024 18:45,2024-042373,ABANDON VEHICLE,"7610 W MAIN Belleville, IL",38.5615491,-90.0469306
7/15/2024 12:12,2024-042730,ABANDON VEHICLE,"10 MELWOOD DR Belleville, IL",38.555278,-90.044546
7/15/2024 12:17,2024-042732,ABANDON VEHICLE,"10 MELWOOD DR Belleville, IL",38.555278,-90.044546
7/16/2024 16:57,2024-043122,ABANDON VEHICLE,"810 PORTLAND AVE Belleville, IL",38.5065498,-89.9639576
7/17/2024 11:20,2024-043300,ABANDON VEHICLE,"610 N ILLINOIS Belleville, IL",38.4750313,-89.9286139
7/18/2024 9:37,2024-043522,ABANDON VEHICLE,"810 W A Belleville, IL",38.515673,-89.9948123
7/19/2024 9:58,2024-043757,ABANDON VEHICLE,"2110 SCHEEL ST Belleville, IL",38.5295141,-89.9635717
7/15/2024 12:29,2024-042734,ABANDON VEHICLE 24-03957,"1110 LASALLE ST Belleville, IL",38.52444197959184,-89.97216279591836
7/18/2024 9:37,2024-043523,ABANDON VEHICLE 24-04012,"810 W A Belleville, IL",38.515673,-89.9948123
7/13/2024 22:01,2024-042423,ABUSE / CHILD 24-03928,"5710 NORTH BELT Belleville, IL",38.5416425,-90.033377
7/17/2024 16:40,2024-043371,ACCIDENT / CITY VEHICLE 24-04003,"1 BIKE TRAIL Belleville, IL",38.570465,-90.055894
7/15/2024 16:11,2024-042766,ACCIDENT / NO INJURY,"810 CARLYLE AVE Belleville, IL",38.5175918,-89.9507134
7/16/2024 13:34,2024-043041,ACCIDENT / NO INJURY,"1 N 38TH ST/SOUTH Belleville, IL",38.53453,-90.020101
7/16/2024 19:59,2024-043169,ACCIDENT / NO INJURY,"1 CARLYLE AVE/WEST BLVD Belleville, IL",38.51473,-89.973456
7/17/2024 2:58,2024-043232,ACCIDENT / NO INJURY,"7310 WESTFIELD PLAZA Belleville, IL",38.5446811,-90.0522327
7/17/2024 16:41,2024-043373,ACCIDENT / NO INJURY,"2610 GREEN MOUNT Belleville, IL",38.520541,-89.924028
7/18/2024 13:12,2024-043559,ACCIDENT / NO INJURY,"1 NORTH BELT WEST/W Belleville, IL",38.5418684,-89.99983584205091
7/13/2024 16:18,2024-042347,ACCIDENT / NO INJURY 24-03918,"2610 GREEN MOUNT Belleville, IL",,
7/13/2024 16:02,2024-042344,ACCIDENT / NO INJURY 24-03920,"1 S GREEN MOUNT Belleville, IL",38.480558,-89.938216
7/13/2024 20:06,2024-042395,ACCIDENT / NO INJURY 24-03926,"1 N VIRGINIA AVE/E Belleville, IL",38.514951,-89.968712
7/16/2024 11:54,2024-042960,ACCIDENT / NO INJURY 24-03980,"610 CARLYLE AVE Belleville, IL",38.5163816,-89.9567007
7/16/2024 15:21,2024-043090,ACCIDENT / NO INJURY 24-03983,"410 W MAIN Belleville, IL",38.5133354,-89.9901936342252
7/16/2024 16:48,2024-043117,ACCIDENT / NO INJURY 24-03985,"1 N DOUGLAS AVE/N Belleville, IL",38.515149,-89.973292
7/17/2024 9:24,2024-043280,ACCIDENT / NO INJURY 24-03992,"1 COOL VALLEY DR Belleville, IL",38.502201,-89.950707
7/17/2024 11:21,2024-043301,ACCIDENT / NO INJURY 24-03995,"210 N CHURCH Belleville, IL",38.5159956,-89.9802024
7/17/2024 12:17,2024-043316,ACCIDENT / NO INJURY 24-03996,"1 NORTH BELT WEST/N Belleville, IL",38.5418684,-89.99983584205091
7/19/2024 12:46,2024-043797,ACCIDENT / NO INJURY 24-04036,"1 W STATE RT Belleville, IL",38.561238,-90.022926
7/16/2024 16:27,2024-043115,ACCIDENT / NO INJURY,"1 S GREEN MOUNT Belleville, IL",38.480558,-89.938216
7/14/2024 19:50,2024-042593,ACCIDENT / W/ INJURIES 24-03947,"3110 W MAIN Belleville, IL",38.5298898,-90.0130479
7/15/2024 16:33,2024-042769,ACCIDENT / W/ INJURIES 24-03962,"1 SOUTH BELT WEST/CENTREVILLE Belleville, IL",38.51473,-89.973456
7/16/2024 10:58,2024-042945,ACCIDENT / W/ INJURIES 24-03978,"1 W STATE RT Belleville, IL",38.561238,-90.022926
7/17/2024 13:31,2024-043325,ACCIDENT / W/ LANE BLOCKAGE24-03998,"1 LEBANON AVE/N DOUGLAS Belleville, IL",38.51473,-89.973456
7/14/2024 15:13,2024-042550,ALARM / BURGLAR,"610 S ILLINOIS Belleville, IL",38.4750313,-89.9286139
7/16/2024 9:33,2024-042919,ALARM / BURGLAR,"9410 W MAIN Belleville, IL",38.5749956,-90.0552282
7/17/2024 12:24,2024-043317,ALARM / BURGLAR,"510 PARK AVE Belleville, IL",38.5101472,-89.9736015
7/13/2024 16:10,2024-042346,ALARM / BUSINESS,"510 S CHARLES Belleville, IL",38.5083822,-89.979072
7/15/2024 4:13,2024-042652,ALARM / BUSINESS,"110 N 16TH Belleville, IL",,
7/15/2024 9:49,2024-042697,ALARM / BUSINESS,"1410 N CHARLES Belleville, IL",38.5260869,-89.9718365
7/16/2024 5:41,2024-042881,ALARM / BUSINESS,"910 S GREEN Belleville, IL",38.479486,-89.9386194
7/16/2024 6:41,2024-042883,ALARM / BUSINESS,"110 ST EUGENE Belleville, IL",38.670256,-90.196746
7/16/2024 6:43,2024-042884,ALARM / BUSINESS,"4810 W MAIN Belleville, IL",38.5429242,-90.0270083
7/16/2024 7:29,2024-042893,ALARM / BUSINESS,"3710 W MAIN Belleville, IL",38.5346916,-90.0172016
7/16/2024 7:39,2024-042896,ALARM / BUSINESS,"10410 W MAIN Belleville, IL",38.5870847,-90.0580218
7/16/2024 12:19,2024-042964,ALARM / BUSINESS,"10 CARLYLE PLAZA Belleville, IL",38.51666773660169,-89.95321164382385
7/16/2024 15:21,2024-043089,ALARM / BUSINESS,"2310 PATHWAYS CROSSING Belleville, IL",38.5112709,-89.9296121
7/16/2024 17:25,2024-043128,ALARM / BUSINESS,"8210 W MAIN Belleville, IL",38.566866,-90.051176
7/16/2024 19:23,2024-043154,ALARM / BUSINESS,"7410 WESTCHESTER DR Belleville, IL",38.5479761,-90.0570056
7/18/2024 4:37,2024-043492,ALARM / BUSINESS,"210 HICKMAN DR Belleville, IL",38.520072,-89.981262
7/18/2024 6:21,2024-043497,ALARM / BUSINESS,"810 ROYAL HEIGHTS Belleville, IL",38.5442171,-90.0137165
7/18/2024 6:29,2024-043498,ALARM / BUSINESS,"1110 UNION AVE Belleville, IL",38.5122969,-90.0015498
7/18/2024 18:06,2024-043624,ALARM / BUSINESS,"410 S ILLINOIS Belleville, IL",38.519501,-89.904382
7/18/2024 20:00,2024-043648,ALARM / BUSINESS,"7410 WESTCHESTER DR Belleville, IL",38.5479761,-90.0570056
7/19/2024 0:43,2024-043700,ALARM / BUSINESS,"710 S ILLINOIS Belleville, IL",38.4750313,-89.9286139
7/19/2024 4:51,2024-043717,ALARM / BUSINESS,"2010 FRANK SCOTT Belleville, IL",38.5226437,-90.0360399
7/19/2024 7:05,2024-043727,ALARM / BUSINESS,"1110 LEBANON AVE Belleville, IL",38.5283343,-89.9724303
7/19/2024 8:02,2024-043735,ALARM / BUSINESS,"310 E WASHINGTON Belleville, IL",38.512377,-89.979619
7/19/2024 10:27,2024-043768,ALARM / BUSINESS,"410 SOUTH BELT Belleville, IL",38.502497,-89.9780874
7/14/2024 15:24,2024-042553,ALARM / CAR,"1 POLK ST/S 5TH Belleville, IL",38.457129,-90.098521
7/13/2024 1:59,2024-042219,ALARM / RESIDENTIAL,"510 N DOUGLAS Belleville, IL",38.5187536,-89.9768737
7/13/2024 6:37,2024-042238,ALARM / RESIDENTIAL,"110 N DOUGLAS Belleville, IL",38.5145666,-89.9721177
7/13/2024 10:38,2024-042275,ALARM / RESIDENTIAL,"110 S 98TH Belleville, IL",38.5805999,-90.058598
7/13/2024 11:02,2024-042282,ALARM / RESIDENTIAL,"2410 FAIRWAY DR Belleville, IL",38.4964961,-89.9119562
7/14/2024 8:32,2024-042492,ALARM / RESIDENTIAL,"510 N 4TH Belleville, IL",38.5192862,-89.9902058
7/14/2024 9:28,2024-042502,ALARM / RESIDENTIAL,"1310 UNION AVE Belleville, IL",38.5131049,-90.002479
7/14/2024 12:02,2024-042523,ALARM / RESIDENTIAL,"10 S 10TH Belleville, IL",38.5146803,-89.9968431
7/15/2024 1:45,2024-042638,ALARM / RESIDENTIAL,"10 BRAMBLE POINT Belleville, IL",,
7/16/2024 9:02,2024-042910,ALARM / RESIDENTIAL,"10 N 70TH Belleville, IL",,
7/16/2024 16:52,2024-043119,ALARM / RESIDENTIAL,"10 OAK KNOLL Belleville, IL",38.5698854,-90.05108
7/17/2024 14:16,2024-043336,ALARM / RESIDENTIAL,"4010 SHIRLEY DR Belleville, IL",38.5456482,-90.0155841
7/19/2024 2:09,2024-043705,ALARM / RESIDENTIAL,"610 N CHURCH Belleville, IL",38.520479,-89.979735
7/19/2024 13:25,2024-043802,ALARM / RESIDENTIAL,"210 WABASH AVE Belleville, IL",38.5106599,-89.9708828
7/14/2024 13:59,2024-042538,ANIMAL COMPLAINT,"720 W MAIN Belleville, IL",38.5133354,-89.9901936342252
7/14/2024 18:24,2024-042575,ANIMAL COMPLAINT,"4410 W WASHINGTON Belleville, IL",38.5386431,-90.0231437
7/15/2024 8:26,2024-042677,ANIMAL COMPLAINT,"110 N 78TH Belleville, IL",38.5638225,-90.0460328
7/15/2024 10:44,2024-042712,ANIMAL COMPLAINT,"1210 PRAIRIE AVE Belleville, IL",38.5092621,-89.961179
7/15/2024 21:17,2024-042826,ANIMAL COMPLAINT,"3910 SHIRLEY DR Belleville, IL",38.5456405,-90.0146736
7/17/2024 11:30,2024-043305,ANIMAL COMPLAINT,"310 S PENNSYLVANIA Belleville, IL",38.5112912,-89.9659008
7/17/2024 15:26,2024-043355,ANIMAL COMPLAINT,"4710 RUTH ST Belleville, IL",38.5432031,-90.0321953
7/18/2024 11:13,2024-043540,ANIMAL COMPLAINT,"510 N 2ND Belleville, IL",38.5192469,-89.9868898
7/19/2024 7:43,2024-043734,ANIMAL COMPLAINT,"410 S ILLINOIS Belleville, IL",,
7/19/2024 17:24,2024-043838,ANIMAL COMPLAINT,"110 KANSAS AVE Belleville, IL",38.5206733,-89.9639762
7/13/2024 23:30,2024-042441,ASSIST / EMS,"10 N 17TH Belleville, IL",38.629109,-90.2047887
7/17/2024 12:51,2024-043321,ASSIST / EMS,"610 N CHARLES Belleville, IL",38.5197683,-89.9785569
7/17/2024 16:08,2024-043365,ASSIST / EMS,"1310 N CHURCH Belleville, IL",38.526093,-89.9736907
7/18/2024 13:19,2024-043561,ASSIST / EMS,"710 N 17TH Belleville, IL",38.6342463,-90.2029317
7/19/2024 11:28,2024-043783,ASSIST / OFFICER,"710 N 5TH Belleville, IL",38.520903,-89.9912191
7/13/2024 0:47,2024-042214,ASSIST / OTHER AGENCY,"1 OLD ST LOUIS Belleville, IL",38.546344,-90.053582
7/13/2024 22:51,2024-042434,ASSIST / OTHER AGENCY,"720 W MAIN Belleville, IL",38.5133354,-89.9901936342252
7/14/2024 13:52,2024-042537,ASSIST / OTHER AGENCY,"1 BUNKER HILL RD/CARLYLE Belleville, IL",38.51473,-89.973456
7/14/2024 17:25,2024-042568,ASSIST / OTHER AGENCY,"10 IRENE DR Belleville, IL",38.5342383,-90.0345495
7/16/2024 9:00,2024-042908,ASSIST / OTHER AGENCY,"310 W H Belleville, IL",38.5232112,-89.9891712
7/16/2024 9:03,2024-042909,ASSIST / OTHER AGENCY,"1910 CARLYLE AVE Belleville, IL",38.5169967,-89.953685
7/17/2024 0:21,2024-043220,ASSIST / OTHER AGENCY,"720 W MAIN Belleville, IL",38.5133354,-89.9901936342252
7/17/2024 19:18,2024-043404,ASSIST / OTHER AGENCY,"10 FRIENDSHIP DR Belleville, IL",38.538006,-90.028227
7/19/2024 23:48,2024-043949,ASSIST / OTHER AGENCY,"1 S 79TH ST/W Belleville, IL",38.564301,-90.048439
7/13/2024 21:24,2024-042413,ATTEMPT TO LOCATE,"310 W CLEVELAND Belleville, IL",38.5049868,-89.9890326
7/15/2024 9:51,2024-042699,ATTEMPT TO LOCATE,"310 W CLEVELAND Belleville, IL",38.5049868,-89.9890326
7/15/2024 18:19,2024-042784,ATTEMPT TO LOCATE,"310 E MAIN Belleville, IL",38.5133293,-89.97714930214696
7/18/2024 15:29,2024-043588,ATTEMPT TO LOCATE,"4010 MEMORIAL DR Belleville, IL",,
7/15/2024 2:36,2024-042640,BATTERY / IN PROGRESS,"110 E D Belleville, IL",38.517738,-89.981484
7/18/2024 19:41,2024-043643,BATTERY / IN PROGRESS 24-04023,"110 E B Belleville, IL",38.5155298,-89.9821299
7/13/2024 23:55,2024-042443,BATTERY / NOT IN PROGRESS,"8 Belleville Police Belleville, IL",38.513543,-89.994754
7/16/2024 19:14,2024-043151,BATTERY / NOT IN PROGRESS,"110 SOUTH BELT Belleville, IL",38.5024915,-89.9825183
7/16/2024 21:27,2024-043188,BATTERY / NOT IN PROGRESS,"10 ARABELLE DR Belleville, IL",38.4976179,-89.9680992
7/17/2024 19:14,2024-043402,BATTERY / NOT IN PROGRESS,"710 N 17TH Belleville, IL",38.6342463,-90.2029317
7/13/2024 9:19,2024-042264,BATTERY / NOT IN PROGRESS 24-03909,"1010 E MAIN Belleville, IL",38.5134069,-89.9701358
7/13/2024 11:30,2024-042286,BATTERY / NOT IN PROGRESS 24-03911,"4500 MEMORIAL DR Belleville, IL",38.5490423,-90.0214708
7/13/2024 14:24,2024-042321,BATTERY / NOT IN PROGRESS 24-03916,"710 N 17TH Belleville, IL",38.6342463,-90.2029317
7/16/2024 10:55,2024-042941,BATTERY / NOT IN PROGRESS 24-03977,"910 ROYAL HEIGHTS Belleville, IL",38.5442171,-90.0137165
7/14/2024 16:06,2024-042559,BURGLARY TO 24-03940 RESIDENCE/BUSINESS / NOT IN PROGRESS,"10 BEN LOUIS Belleville, IL",38.545672,-90.006255
7/19/2024 15:05,2024-043815,BURGLARY TO 24-04037 RESIDENCE/BUSINESS / NOT IN PROGRESS,"1310 ORCHARD LAKES Belleville, IL",38.4888618,-89.931394
7/16/2024 9:33,2024-042920,BURGLARY TO VEHICLE / IN PROGRESS,"5610 NORTH BELT Belleville, IL",38.5416071,-90.0319673
7/19/2024 23:15,2024-043942,BURGLARY TO VEHICLE / NOT IN2 4-04044 PROGRESS,"6910 W MAIN Belleville, IL",38.5564387,-90.04267
7/13/2024 13:30,2024-042310,CALL FOR INFORMATION,"4500 MEMORIAL DR Belleville, IL",38.5490423,-90.0214708
7/16/2024 9:51,2024-042925,CALL FOR INFORMATION,"1 CARLYLE AVE/GREEN MOUNT Belleville, IL",38.51473,-89.973456
7/16/2024 12:22,2024-042965,CALL FOR INFORMATION,"720 W MAIN Belleville, IL",,
7/16/2024 12:26,2024-042970,CALL FOR INFORMATION,"610 E MAIN Belleville, IL",38.513329299999995,-89.97714930214696
7/14/2024 19:32, 2024-042589 ,BURGLARY TO 24-03948 RESIDENCE/BUSINESS / NOT IN PROGRESS,"210 FREEDOM DR Belleville, IL",38.5389401,-90.0294151
7/15/2024 22:14,2024-042834 ,SUBJECT REMOVAL 24-03969,"10 HI-POINTE DR Belleville, IL",38.5749642,-90.0411463
7/15/2024 17:35,2024-042775 ,ALARM / BUSINESS,"110 IOWA AVE Belleville, IL",38.5175296,-89.9687283
7/15/2024 19:06,2024-042796 , DOG AT LARGE,"110 N DELAWARE Belleville, IL",,
7/16/2024 5:36,2024-042880 ,SUSPICIOUS / SUBJECT,"710 S ILLINOIS Belleville, IL",,
7/16/2024 7:40,2024-042898,  EXTERNAL SERVICE REQUEST,"1 N 28TH ST/W Belleville, IL",,
7/19/2024 23:49,2024-043951,  RUNAWAY JUVENILE 24-04045,"1910 RESERVE WALK Belleville, IL",38.489728,-89.974902
7/13/2024 9:15,2024-042263,CHECK WELL BEING,"1 W MAIN ST/LEBANON Belleville, IL",38.602699,-89.808192
7/13/2024 11:09,2024-042284,CHECK WELL BEING,"10 FOURSCORE DR Belleville, IL",,
7/13/2024 14:22,2024-042319,CHECK WELL BEING,"1610 MUREN BLVD Belleville, IL",38.5234454,-89.9668696
7/13/2024 14:52,2024-042328,CHECK WELL BEING,"4 Belleville Police Belleville, IL",38.513543,-89.994754
7/13/2024 21:33,2024-042416,CHECK WELL BEING,"10 REGENCY CT Belleville, IL",38.5436725,-90.036872
7/13/2024 22:55,2024-042435,CHECK WELL BEING,"1 S 97TH ST/W Belleville, IL",38.57951,-90.056404
7/14/2024 0:06,2024-042444,CHECK WELL BEING,"9610 W MAIN Belleville, IL",,
7/14/2024 2:43,2024-042460,CHECK WELL BEING,"6010 W MAIN Belleville, IL",,
7/14/2024 9:32,2024-042503,CHECK WELL BEING,"10 E C Belleville, IL",,
7/14/2024 11:16,2024-042515,CHECK WELL BEING,"10 Belleville Police Belleville, IL",38.513543,-89.994754
7/14/2024 13:38,2024-042534,CHECK WELL BEING,"710 W CLEVELAND Belleville, IL",38.5050315,-89.9933859
7/14/2024 15:35,2024-042555,CHECK WELL BEING,"4210 NORTH BELT Belleville, IL",38.5415429,-90.017693
7/14/2024 21:43,2024-042615,CHECK WELL BEING,"6010 W A Belleville, IL",38.5520305,-90.035889
7/14/2024 22:48,2024-042621,CHECK WELL BEING,"14 Belleville Police Belleville, IL",38.513543,-89.994754
7/15/2024 7:59,2024-042674,CHECK WELL BEING,"1 E STATE RT Belleville, IL",38.469697,-89.923295
7/15/2024 8:38,2024-042682,CHECK WELL BEING,"3810 NORTH PARK Belleville, IL",38.5480338,-90.0126785
7/15/2024 10:17,2024-042705,CHECK WELL BEING,"610 LAKE MEAD Belleville, IL",38.490313,-89.931208
7/15/2024 18:33,2024-042786,CHECK WELL BEING,"1 W STATE RT Belleville, IL",,
7/15/2024 19:03,2024-042794,CHECK WELL BEING,"10 SOUTH BELT Belleville, IL",38.5020943,-89.9848753
7/16/2024 12:22,2024-042967,CHECK WELL BEING,"10 CARLYLE PLAZA Belleville, IL",38.51666773660169,-89.95321164382385
7/16/2024 13:45,2024-043045,CHECK WELL BEING,"10 N 64TH Belleville, IL",38.5535434,-90.0386716
7/16/2024 19:07,2024-043149,CHECK WELL BEING,"10 S 53RD Belleville, IL",38.5455989,-90.0317877
7/18/2024 10:23,2024-043536,CHECK WELL BEING,"310 GETTYSBURG RD Belleville, IL",,
7/18/2024 14:33,2024-043578,CHECK WELL BEING,"410 N 38TH Belleville, IL",38.5375919,-90.0133895
7/18/2024 15:35,2024-043591,CHECK WELL BEING,"710 SCHEEL ST Belleville, IL",38.5207741,-89.9755874
7/19/2024 5:50,2024-043719,CHECK WELL BEING,"5710 NORTH BELT Belleville, IL",38.5416425,-90.033377
7/19/2024 8:18,2024-043738,CHECK WELL BEING,"5710 NORTH BELT Belleville, IL",38.5416425,-90.033377
7/19/2024 12:22,2024-043792,CHECK WELL BEING,"10 CHRISTOPHER DR Belleville, IL",,
7/15/2024 10:53,2024-042714,CHECK WELL BEING 24-03956,"510 WABASH AVE Belleville, IL",,
7/15/2024 13:33,2024-042746,CHECK WELL BEING 24-03959,"1310 UNION AVE Belleville, IL",,
7/19/2024 22:08,2024-043920,CHECK WELL BEING,"3010 W MAIN Belleville, IL",38.5287319,-90.0124454
7/17/2024 20:29,2024-043422,CHILD CUSTODY PROBLEMS,"1010 CARLYLE AVE Belleville, IL",38.5183485,-89.9465198
7/19/2024 11:19,2024-043780,CHILD CUSTODY PROBLEMS,"720 W MAIN Belleville, IL",,
7/19/2024 16:31,2024-043827,CHILD CUSTODY PROBLEMS,"720 W MAIN Belleville, IL",38.5133354,-89.9901936342252
7/19/2024 16:45,2024-043834,CHILD CUSTODY PROBLEMS,"2010 CELEBRATION PARK Belleville, IL",38.48791,-89.982255
7/13/2024 13:16,2024-042305,CHILD LEFT UNATTENDED,"10 S 88TH Belleville, IL",,
7/15/2024 17:48,2024-042778,CHILD LEFT UNATTENDED,"510 N 4TH Belleville, IL",38.5192862,-89.9902058
7/16/2024 10:15,2024-042928,CHILD LEFT UNATTENDED,"2610 GREEN MOUNT Belleville, IL",38.520541,-89.924028
7/16/2024 17:07,2024-043125,CHILD LEFT UNATTENDED,"1810 CARLYLE AVE Belleville, IL",,
7/16/2024 23:04,2024-043208,CHILD LEFT UNATTENDED,"710 BRISTOW ST Belleville, IL",,
7/17/2024 8:35,2024-043266,CHILD LEFT UNATTENDED,"1210 FRANK SCOTT Belleville, IL",,
7/13/2024 11:45,2024-042291,CITIZEN ASSIST,"720 W MAIN Belleville, IL",38.5133354,-89.9901936342252
7/13/2024 13:15,2024-042304,CITIZEN ASSIST,"8810 W MAIN Belleville, IL",38.5721919,-90.0539327
7/14/2024 11:44,2024-042520,CITIZEN ASSIST,"720 W MAIN Belleville, IL",38.5133354,-89.9901936342252
7/14/2024 12:25,2024-042526,CITIZEN ASSIST,"720 W MAIN Belleville, IL",38.5133354,-89.9901936342252
7/14/2024 17:36,2024-042569,CITIZEN ASSIST,"1710 SOUTH BELT Belleville, IL",,
7/15/2024 18:12,2024-042782,CITIZEN ASSIST,"720 W MAIN Belleville, IL",,
7/15/2024 18:39,2024-042787,CITIZEN ASSIST,"5410 W MAIN Belleville, IL",38.5466423,-90.0324872
7/15/2024 19:29,2024-042803,CITIZEN ASSIST,"720 W MAIN Belleville, IL",38.5133354,-89.9901936342252
7/15/2024 19:31,2024-042806,CITIZEN ASSIST,"720 W MAIN Belleville, IL",,
7/16/2024 3:03,2024-042866,CITIZEN ASSIST,"720 W MAIN Belleville, IL",,
7/16/2024 14:16,2024-043062,CITIZEN ASSIST,"720 W MAIN Belleville, IL",,
7/16/2024 15:17,2024-043087,CITIZEN ASSIST,"1710 N CHARLES Belleville, IL",38.529352,-89.966699
7/17/2024 17:34,2024-043383,CITIZEN ASSIST,"720 W MAIN Belleville, IL",38.5133354,-89.9901936342252
7/17/2024 17:36,2024-043384,CITIZEN ASSIST,"1710 N CHARLES Belleville, IL",,
7/18/2024 6:37,2024-043500,CITIZEN ASSIST,"2310 W MAIN Belleville, IL",38.522521,-90.009084
7/18/2024 13:52,2024-043568,CITIZEN ASSIST,"110 SOUTH BELT Belleville, IL",38.5024915,-89.9825183
7/18/2024 13:55,2024-043569,CITIZEN ASSIST,"10 BEN LOUIS Belleville, IL",,
7/19/2024 19:18,2024-043856,CIVIL MATTER,"610 SPRINGDALE DR Belleville, IL",38.544284,-90.0432987
7/13/2024 4:45,2024-042227,DAMAGE TO PROPERTY,"210 N 38TH Belleville, IL",38.5365145,-90.0151702
7/16/2024 13:45,2024-043046,DAMAGE TO PROPERTY,"310 W MONROE Belleville, IL",,
7/17/2024 6:12,2024-043245,DAMAGE TO PROPERTY,"10 BEDFORD DR Belleville, IL",,
7/17/2024 12:14,2024-043315,DAMAGE TO PROPERTY,"310 S DOUGLAS Belleville, IL",,
7/17/2024 22:58,2024-043452,DAMAGE TO PROPERTY,"1 CENTREVILLE AVE/S 6TH Belleville, IL",38.51473,-89.973456
7/18/2024 19:45,2024-043644,DAMAGE TO PROPERTY,"3910 SOUTH PARK Belleville, IL",38.5464336,-90.0147359
7/19/2024 0:04,2024-043695,DAMAGE TO PROPERTY,"1810 N CHURCH Belleville, IL",,
7/14/2024 7:40,2024-042484,DAMAGE TO PROPERTY 24-03933,"6410 W MAIN Belleville, IL",,
7/16/2024 11:41,2024-042956,DAMAGE TO PROPERTY 24-03979,"10 PHEASANTWOOD DR Belleville, IL",38.5480804,-90.0076469
7/14/2024 18:22,2024-042574,DAMAGE TO VEHICLE 24-03945,"410 N 4TH Belleville, IL",38.5181218,-89.989916
7/18/2024 15:37,2024-043593,DAMAGE TO VEHICLE 24-04019,"4500 MEMORIAL DR Belleville, IL",38.5490423,-90.0214708
7/18/2024 19:59,2024-043646,DAMAGE TO VEHICLE 24-04024,"10 N CHURCH Belleville, IL",38.514025,-89.980026
7/15/2024 8:32,2024-042678,DEBRIS IN ROADWAY,"1 N 60TH ST/W Belleville, IL",,
7/16/2024 11:15,2024-042950,DEBRIS IN ROADWAY,"1 W D ST/N Belleville, IL",38.51473,-89.973456
7/14/2024 6:18,2024-042479,DECEASED PERSON 24-03932,"10 DARDENELLE DR Belleville, IL",38.514933,-89.959855
7/19/2024 5:10,2024-043718,DECEASED PERSON 24-04028,"1010 S CHURCH Belleville, IL",38.503281,-89.979951
7/17/2024 13:52,2024-043331,DIRT BIKE COMPLAINT,"1 N 70TH ST/W Belleville, IL",38.559113,-90.040286
7/19/2024 17:58,2024-043845,DIRT BIKE COMPLAINT,"2410 PATHWAYS CROSSING Belleville, IL",,
7/13/2024 3:19,2024-042222,DISORDERLY CONDUCT,"710 SOUTH BELT Belleville, IL",38.5039893,-89.9741095
7/13/2024 19:12,2024-042378,DISORDERLY CONDUCT,"1 E WASHINGTON ST/MASCOUTAH Belleville, IL",38.488666,-89.795137
7/15/2024 3:21,2024-042646,DISORDERLY CONDUCT,"610 E MAIN Belleville, IL",38.513329299999995,-89.97714930214696
7/16/2024 19:45,2024-043165,DISORDERLY CONDUCT 24-03989,"2510 WEST BLVD Belleville, IL",38.5197138,-89.946091
7/14/2024 14:42,2024-042543,DISTURBANCE / PHYSICAL,"910 ROYAL HEIGHTS Belleville, IL",,
7/16/2024 17:24,2024-043127,DISTURBANCE / PHYSICAL,"1410 E MAIN Belleville, IL",38.513313,-89.973952
7/17/2024 7:52,2024-043259,DISTURBANCE / PHYSICAL,"210 S CHURCH Belleville, IL",38.511063,-89.979901
7/15/2024 13:57,2024-042748,DISTURBANCE / PHYSICAL 24-03960,"18 Belleville Police Belleville, IL",,
7/13/2024 20:52,2024-042403,DISTURBANCE / VERBAL,"210 COUNTRY CLUB Belleville, IL",,
7/14/2024 20:37,2024-042605,DISTURBANCE / VERBAL,"110 N 27TH Belleville, IL",38.5259542,-90.0104984
7/14/2024 22:17,2024-042617,DISTURBANCE / VERBAL,"610 W C Belleville, IL",38.516797,-89.992813
7/16/2024 6:51,2024-042886,DISTURBANCE / VERBAL,"2310 MASCOUTAH AVE Belleville, IL",,
7/16/2024 14:08,2024-043059,DISTURBANCE / VERBAL,"1210 LEBANON AVE Belleville, IL",38.5292692,-89.9709177
7/17/2024 0:38,2024-043219,DISTURBANCE / VERBAL,"1710 N CHARLES Belleville, IL",38.529352,-89.966699
7/17/2024 5:48,2024-043244,DISTURBANCE / VERBAL,"410 S ILLINOIS Belleville, IL",,
7/17/2024 7:27,2024-043254,DISTURBANCE / VERBAL,"110 SOUTH BELT Belleville, IL",,
7/17/2024 8:51,2024-043273,DISTURBANCE / VERBAL,"1 E WASHINGTON ST/S Belleville, IL",,
7/18/2024 5:07,2024-043495,DISTURBANCE / VERBAL,"5710 NORTH BELT Belleville, IL",,
7/18/2024 21:52,2024-043677,DISTURBANCE / VERBAL,"110 E MAIN Belleville, IL",,
7/19/2024 8:21,2024-043740,DISTURBANCE / VERBAL,"1110 DAWN DR Belleville, IL",38.5017452,-89.9615683
7/19/2024 20:06,2024-043879,DISTURBANCE / VERBAL,"1 N 38TH ST/NORTH Belleville, IL",38.535049,-90.01754
7/19/2024 20:19,2024-043886,DISTURBANCE / VERBAL,"710 SCHEEL ST Belleville, IL",,
7/18/2024 19:00,2024-043632,DISTURBANCE / VERBAL 24-04022,"10 S 87TH Belleville, IL",,
7/13/2024 19:46,2024-042391,DOG AT LARGE,"510 W CLEVELAND Belleville, IL",,
7/15/2024 10:29,2024-042708,DOG AT LARGE,"510 W CLEVELAND Belleville, IL",38.504837,-89.99199
7/15/2024 18:06,2024-042780,DOG AT LARGE,"610 W ADAMS Belleville, IL",38.594553,-89.919518
7/16/2024 14:08,2024-043058,DOG AT LARGE,"4010 NORTH PARK Belleville, IL",,
7/16/2024 17:49,2024-043134,DOG AT LARGE,"710 E WASHINGTON Belleville, IL",,
7/16/2024 17:56,2024-043137,DOG AT LARGE,"1 RADIANCE DR/LOU ANN Belleville, IL",38.51473,-89.973456
7/18/2024 7:47,2024-043505,DOG AT LARGE,"10 WESTHAVEN MEADOWS Belleville, IL",38.4933133,-89.987881
7/19/2024 8:18,2024-043737,DOG AT LARGE,"110 E WASHINGTON Belleville, IL",,
7/19/2024 19:22,2024-043858,DOG AT LARGE,"1510 N CHURCH Belleville, IL",,
7/19/2024 19:31,2024-043862,DOG AT LARGE,"1 S 88TH ST/W Belleville, IL",,
7/19/2024 20:10,2024-043883,DOG AT LARGE,"8910 TANGLEWOOD CIR Belleville, IL",38.5727965,-90.055344
7/19/2024 21:43,2024-043912,DOG AT LARGE,"8910 TANGLEWOOD CIR Belleville, IL",38.5727965,-90.055344
7/17/2024 20:31,2024-043423,DOG BITE,"4810 BIER ST Belleville, IL",,
7/17/2024 13:50,2024-043332,DOG BITE 24-03999,"510 S PENNSYLVANIA Belleville, IL",,
7/13/2024 0:51,2024-042215,DOMESTIC / IN PROGRESS,"810 E WASHINGTON Belleville, IL",,
7/13/2024 5:37,2024-042234,DOMESTIC / IN PROGRESS,"10 MITCHELL LN Belleville, IL",,
7/14/2024 21:40,2024-042614,DOMESTIC / IN PROGRESS,"410 S DE Belleville, IL",,
7/15/2024 3:57,2024-042651,DOMESTIC / IN PROGRESS,"10 ARABELLE DR Belleville, IL",,
7/15/2024 20:09,2024-042813,DOMESTIC / IN PROGRESS,"110 S 18TH Belleville, IL",38.516821,-90.005275
7/16/2024 17:01,2024-043123,DOMESTIC / IN PROGRESS,"210 RAYBURN DR Belleville, IL",38.5452823,-90.0272898
7/16/2024 20:52,2024-043181,DOMESTIC / IN PROGRESS,"1410 FREEBURG AVE Belleville, IL",,
7/16/2024 23:36,2024-043210,DOMESTIC / IN PROGRESS,"1510 LEBANON AVE Belleville, IL",,
7/17/2024 5:01,2024-043239,DOMESTIC / IN PROGRESS,"10 BEN LOUIS Belleville, IL",,
7/17/2024 16:57,2024-043375,DOMESTIC / IN PROGRESS,"210 FREEDOM DR Belleville, IL",38.5389401,-90.0294151
7/19/2024 2:36,2024-043707,DOMESTIC / IN PROGRESS,"1010 BELLE VALLEY Belleville, IL",38.501508,-89.9517502
7/13/2024 12:19,2024-042297,DOMESTIC / IN PROGRESS 24-03913,"3 Belleville Police Belleville, IL",,
7/14/2024 0:16,2024-042445,DOMESTIC / IN PROGRESS 24-03929,"610 W D Belleville, IL",,
7/14/2024 2:26,2024-042458,DOMESTIC / IN PROGRESS 24-03930,"610 BRISTOW ST Belleville, IL",,
7/14/2024 15:36,2024-042556,DOMESTIC / IN PROGRESS 24-03938,"510 SHERMAN ST Belleville, IL",,
7/15/2024 7:48,2024-042670,DOMESTIC / IN PROGRESS 24-03952,"310 N 49TH Belleville, IL",,
7/18/2024 9:47,2024-043525,DOMESTIC / IN PROGRESS 24-04013,"1510 WEST BLVD Belleville, IL",38.528706,-89.956063
7/19/2024 0:55,2024-043701,DOMESTIC / IN PROGRESS 24-04027,"3910 NORTH PARK Belleville, IL",38.5480416,-90.0146165
7/19/2024 8:37,2024-043744,DOMESTIC / IN PROGRESS 24-04034,"10 PHEASANTWOOD DR Belleville, IL",,
7/13/2024 7:25,2024-042245,DOMESTIC / NOT IN PROGRESS,"10 PHEASANTWOOD DR Belleville, IL",,
7/14/2024 21:07,2024-042609,DOMESTIC / NOT IN PROGRESS,"7310 OLD ST Belleville, IL",,
7/16/2024 0:04,2024-042844,DOMESTIC / NOT IN PROGRESS24-03971,"310 N 6TH Belleville, IL",38.5170873,-89.9922248
7/16/2024 1:21,2024-042857,DRUG ACTIVITY,"10 E MAIN Belleville, IL",38.5136008,-89.9838327
7/18/2024 3:25,2024-043489,DUI,"1 W STATE RT Belleville, IL",,
7/13/2024 6:46,2024-042239,EXTERNAL SERVICE REQUEST,"1 OLD ST LOUIS Belleville, IL",,
7/13/2024 22:17,2024-042428,EXTERNAL SERVICE REQUEST,"1810 N CHURCH Belleville, IL",38.5313359,-89.965909
7/16/2024 7:38,2024-042895,EXTERNAL SERVICE REQUEST,"710 N 2ND Belleville, IL",38.5214202,-89.987392
7/16/2024 9:37,2024-042921,EXTERNAL SERVICE REQUEST,"710 N 2ND Belleville, IL",,
7/16/2024 12:24,2024-042969,EXTERNAL SERVICE REQUEST,"1 SYCAMORE ST/N DOUGLAS Belleville, IL",38.51473,-89.973456
7/16/2024 13:02,2024-043005,EXTERNAL SERVICE REQUEST,"1 REUNION SUBDIVISION Belleville, IL",38.51473,-89.973456
7/16/2024 13:03,2024-043006,EXTERNAL SERVICE REQUEST,"1 SHERMAN ST/SCHEEL ST Belleville, IL",,
7/16/2024 13:06,2024-043011,EXTERNAL SERVICE REQUEST,"2310 W MAIN Belleville, IL",38.522521,-90.009084
7/16/2024 13:47,2024-043050,EXTERNAL SERVICE REQUEST,"1 CENTREVILLE AVE/S 6TH Belleville, IL",38.51473,-89.973456
7/16/2024 14:23,2024-043063,EXTERNAL SERVICE REQUEST,"1 N 6TH ST/W Belleville, IL",,
7/17/2024 17:39,2024-043385,EXTERNAL SERVICE REQUEST,"1 S ILLINOIS ST/E Belleville, IL",,
7/19/2024 13:02,2024-043800,EXTERNAL SERVICE REQUEST,"1 E VAN BUREN Belleville, IL",,
7/14/2024 17:36,2024-042570,FIGHT / NO WEAPONS 24-03944,"910 ROYAL HEIGHTS Belleville, IL",,
7/14/2024 22:27,2024-042619,FIGHT / NO WEAPONS 24-03949,"710 S 1ST Belleville, IL",,
7/18/2024 16:01,2024-043596,FIRE ALARM / STILL,"10 N 10TH Belleville, IL",,
7/16/2024 14:33,2024-043068,FIRE RESCUE VEH IN WATER / STILL,"1 N 5TH ST/W Belleville, IL",,
7/13/2024 8:50,2024-042256,FIRE SERVICE CALL SERVICE CALL / STILL,"610 SPRINGDALE DR Belleville, IL",,
7/16/2024 15:48,2024-043098,FIRE SEVERE WEATHER FLOODING / STILL,"510 N 3RD Belleville, IL",,
7/16/2024 19:36,2024-043159,FIRE STRUCTURE / 1ST,"10 N 64TH Belleville, IL",,
7/16/2024 12:27,2024-042973,FIRE WATER RESCUE / STILL,"10 S 14TH Belleville, IL",,
7/16/2024 12:51,2024-042994,FIRE WATER RESCUE / STILL,"310 WEST PARK Belleville, IL",,
7/16/2024 12:59,2024-043003,FIRE WATER RESCUE / STILL,"10 ORCHARD DR Belleville, IL",,
7/16/2024 13:56,2024-043052,FIRE WATER RESCUE / STILL,"810 S 6TH Belleville, IL",,
7/13/2024 21:03,2024-042406,FIREWORKS COMPLAINT,"1 CAMROSE GREEN ST Belleville, IL",,
7/17/2024 7:08,2024-043250,FIREWORKS COMPLAINT,"1910 STEVENS ST Belleville, IL",,
7/18/2024 18:01,2024-043622,FIREWORKS COMPLAINT,"10 S 19TH Belleville, IL",,
7/19/2024 6:20,2024-043721,FIREWORKS COMPLAINT,"310 N 2ND Belleville, IL",,
7/19/2024 20:02,2024-043877,FIREWORKS COMPLAINT,"1 S 55TH ST Belleville, IL",,
7/13/2024 8:41,2024-042253,FOLLOW UP,"1610 LEBANON AVE Belleville, IL",,
7/13/2024 22:40,2024-042430,FOLLOW UP,"1010 E MAIN Belleville, IL",,
7/14/2024 10:14,2024-042509,FOLLOW UP,"720 W MAIN Belleville, IL",,
7/15/2024 10:02,2024-042701,FOLLOW UP,"720 W MAIN Belleville, IL",,
7/15/2024 14:14,2024-042749,FOLLOW UP,"1310 UNION AVE Belleville, IL",,
7/15/2024 18:19,2024-042783,FOLLOW UP,"510 S ILLINOIS Belleville, IL",,
7/16/2024 3:42,2024-042870,FOLLOW UP,"1010 BELLE VALLEY Belleville, IL",,
7/16/2024 7:23,2024-042891,FOLLOW UP,"4500 MEMORIAL DR Belleville, IL",,
7/16/2024 9:18,2024-042913,FOLLOW UP,"720 W MAIN Belleville, IL",,
7/16/2024 18:38,2024-043144,FOLLOW UP,"10 NEWMAN DR Belleville, IL",,
7/17/2024 11:13,2024-043298,FOLLOW UP,"110 HALSTED DR Belleville, IL",,
7/17/2024 12:00,2024-043312,FOLLOW UP,"110 HALSTED DR Belleville, IL",38.5311085,-90.0265085
7/17/2024 14:55,2024-043346,FOLLOW UP,"2610 GREEN MOUNT Belleville, IL",38.520541,-89.924028
7/17/2024 15:48,2024-043359,FOLLOW UP,"720 W MAIN Belleville, IL",,
7/17/2024 16:18,2024-043368,FOLLOW UP,"9010 LEBANON RD Belleville, IL",,
7/17/2024 19:44,2024-043411,FOLLOW UP,"720 W MAIN Belleville, IL",,
7/18/2024 13:01,2024-043556,FOLLOW UP,"1010 COOL VALLEY Belleville, IL",38.5015356,-89.9507085
7/18/2024 14:10,2024-043573,FOLLOW UP,"1510 WEST BLVD Belleville, IL",38.528706,-89.956063
7/19/2024 7:08,2024-043728,FOLLOW UP,"720 W MAIN Belleville, IL",,
7/19/2024 8:34,2024-043743,FOLLOW UP,"10 GARNETTE DR Belleville, IL",,
7/19/2024 9:40,2024-043755,FOLLOW UP,"610 CARLYLE AVE Belleville, IL",38.5163816,-89.9567007
7/19/2024 13:28,2024-043803,FOLLOW UP,"1 RAAB AVE/S 16TH Belleville, IL",38.51473,-89.973456
7/19/2024 19:08,2024-043853,FOLLOW UP,"3910 NORTH BELT Belleville, IL",,
7/19/2024 19:44,2024-043870,FOLLOW UP,"210 S ILLINOIS Belleville, IL",,
7/19/2024 22:43,2024-043928,FOLLOW UP,"510 W C Belleville, IL",38.5166818,-89.9917048
7/16/2024 4:44,2024-042878,FOLLOW UP 24-03975,"1010 BELLE VALLEY Belleville, IL",38.501508,-89.9517502
7/18/2024 14:37,2024-043581,FOLLOW UP 24-04020,"1710 N CHARLES Belleville, IL",,
7/14/2024 13:12,2024-042530,FOUND ARTICLE,"5610 BELLEVILLE CROSSING Belleville, IL",,
7/17/2024 8:56,2024-043276,FOUND ARTICLE,"110 E D Belleville, IL",38.517738,-89.981484
7/17/2024 18:18,2024-043392,FOUND ARTICLE,"1 N GREEN MOUNT Belleville, IL",38.519485,-89.928642
7/18/2024 19:14,2024-043635,FOUND ARTICLE,"210 E A Belleville, IL",,
7/18/2024 9:51,2024-043528,FRAUD-DECEPTIVE PRACTICES,"1810 CARLYLE AVE Belleville, IL",,
7/13/2024 10:23,2024-042271,FRAUD-DECEPTIVE PRACTICES24-03910,"2010 NORTH BELT Belleville, IL",,
7/13/2024 15:12,2024-042335,FRAUD-DECEPTIVE PRACTICES24-03919,"4810 W MAIN Belleville, IL",38.5429242,-90.0270083
7/13/2024 19:29,2024-042386,FRAUD-DECEPTIVE PRACTICES24-03927,"2010 NORTH BELT Belleville, IL",38.5415071,-90.0062552
7/14/2024 12:33,2024-042529,FRAUD-DECEPTIVE PRACTICES24-03936,"1110 LILAC DR Belleville, IL",,
7/17/2024 8:36,2024-043267,FRAUD-DECEPTIVE PRACTICES24-03991,"2610 GREEN MOUNT Belleville, IL",,
7/17/2024 0:01,2024-043214,HARASSMENT,"3910 W MAIN Belleville, IL",,
7/17/2024 11:57,2024-043310,HARASSMENT,"10 CHRISTOPHER DR Belleville, IL",38.5425845,-90.0079411
7/15/2024 16:24,2024-042768,HARASSMENT 24-03964,"210 SPRINGDALE DR Belleville, IL",38.5457515,-90.039545
7/17/2024 19:40,2024-043409,HIT AND RUN,"2610 GREEN MOUNT Belleville, IL",,
7/19/2024 19:14,2024-043855,HIT AND RUN 24-04039,"410 S ILLINOIS Belleville, IL",,
7/17/2024 12:32,2024-043319,HOUSING VIOLATION,"10 N 78TH Belleville, IL",38.5635912,-90.0473984
7/17/2024 20:25,2024-043419,HOUSING VIOLATION,"1810 NORTH BELT Belleville, IL",38.5410975,-90.0051824
7/14/2024 10:59,2024-042513,ILLEGAL DUMPING,"2210 W STATE Belleville, IL",,
7/14/2024 16:11,2024-042562,ILLEGAL PARKING,"410 S 19TH Belleville, IL",38.516716,-90.009293
7/18/2024 18:39,2024-043628,ILLEGAL PARKING,"510 N JACKSON Belleville, IL",38.5191326,-89.9819646
7/19/2024 8:28,2024-043742,ILLEGAL PARKING,"110 W WASHINGTON Belleville, IL",38.593455,-89.911768
7/19/2024 23:05,2024-043937,ILLEGAL PARKING,"10 SPRUCE DR Belleville, IL",38.5213232,-89.9568087
7/19/2024 15:00,2024-043814,INDECENT EXPOSURE,"1 W MAIN ST/N Belleville, IL",,
7/16/2024 13:10,2024-043019,INFORMATION ONLY,"3310 PUTNAM AVE Belleville, IL",,
7/17/2024 21:59,2024-043439,JUVENILE DISTURBANCE,"910 ROYAL HEIGHTS Belleville, IL",38.5442171,-90.0137165
7/15/2024 20:33,2024-042816,JUVENILE PROBLEM,"1310 UNION AVE Belleville, IL",38.5131049,-90.002479
7/16/2024 0:53,2024-042852,JUVENILE PROBLEM,"1310 UNION AVE Belleville, IL",,
7/16/2024 1:27,2024-042858,JUVENILE PROBLEM,"1110 DAWN DR Belleville, IL",,
7/17/2024 20:01,2024-043415,JUVENILE PROBLEM,"710 N 2ND Belleville, IL",,
7/18/2024 20:27,2024-043653,JUVENILE PROBLEM,"910 ROYAL HEIGHTS Belleville, IL",,
7/19/2024 10:01,2024-043759,JUVENILE PROBLEM,"6410 W MAIN Belleville, IL",38.553263,-90.0391906
7/15/2024 15:50,2024-042764,JUVENILE PROBLEM 24-03963,"1110 WABASH AVE Belleville, IL",38.5020195,-89.9639902
7/16/2024 1:13,2024-042854,JUVENILE PROBLEM 24-03973,"210 HIGHRIDGE DR Belleville, IL",,
7/16/2024 9:01,2024-042907,JUVENILE TRANSPORT,"9010 LEBANON RD Belleville, IL",,
7/18/2024 13:16,2024-043560,JUVENILE TRANSPORT,"9010 LEBANON RD Belleville, IL",38.5871571,-90.0560385
7/13/2024 0:24,2024-042213,KEEP THE PEACE,"610 E C Belleville, IL",38.516246,-89.975791
7/13/2024 18:27,2024-042369,KEEP THE PEACE,"810 E WASHINGTON Belleville, IL",,
7/15/2024 7:42,2024-042667,KEEP THE PEACE,"720 W MAIN Belleville, IL",,
7/15/2024 11:56,2024-042727,KEEP THE PEACE,"7310 OLD ST Belleville, IL",38.5461368,-90.0540658
7/15/2024 18:37,2024-042788,KEEP THE PEACE,"410 S ILLINOIS Belleville, IL",38.519501,-89.904382
7/17/2024 7:39,2024-043255,KEEP THE PEACE,"410 S ILLINOIS Belleville, IL",38.519501,-89.904382
7/19/2024 2:29,2024-043706,KEEP THE PEACE,"10 ARABELLE DR Belleville, IL",38.4976179,-89.9680992
7/19/2024 15:55,2024-043822,KEEP THE PEACE,"1010 ROYAL HEIGHTS Belleville, IL",,
7/19/2024 16:38,2024-043829,KEEP THE PEACE,"310 N 9TH Belleville, IL",,
7/15/2024 9:49,2024-042698,LOST ARTICLES 24-03954,"16 Belleville Police Belleville, IL",,
7/16/2024 7:39,2024-042897,LOST ARTICLES 24-03976,"720 W MAIN Belleville, IL",,
7/19/2024 7:26,2024-043731,LOST ARTICLES 24-04031,"2610 GREEN MOUNT Belleville, IL",,
7/16/2024 18:12,2024-043139,LOST ARTICLES ,"10 MALLARD DR Belleville, IL",38.5321422,-89.9604404
7/18/2024 16:01,2024-043598,LOST/STOLEN LICENSE PLATE 24-04018,"2610 GREEN MOUNT Belleville, IL",38.520541,-89.924028
7/14/2024 19:30,2024-042588,LOUD MUSIC,"210 N 28TH Belleville, IL",,
7/17/2024 17:13,2024-043378,LOUD MUSIC,"210 N 28TH Belleville, IL",,
7/19/2024 19:38,2024-043865,LOUD MUSIC,"810 E WASHINGTON Belleville, IL",,
7/13/2024 23:16,2024-042440,MENTAL SUBJECT,"10 ARABELLE DR Belleville, IL",38.4976179,-89.9680992
7/14/2024 8:25,2024-042491,MENTAL SUBJECT,"710 BRISTOW ST Belleville, IL",38.5234678,-89.9743117
7/14/2024 21:05,2024-042608,MENTAL SUBJECT,"1310 N CHURCH Belleville, IL",,
7/16/2024 14:30,2024-043066,MENTAL SUBJECT,"310 N 39TH Belleville, IL",,
7/16/2024 15:29,2024-043094,MENTAL SUBJECT,"1510 DONNA DR Belleville, IL",,
7/17/2024 16:39,2024-043370,MENTAL SUBJECT,"1 S ILLINOIS ST/E Belleville, IL",38.51473,-89.973456
7/18/2024 2:15,2024-043481,MENTAL SUBJECT,"720 W MAIN Belleville, IL",38.5133354,-89.9901936342252
7/18/2024 11:50,2024-043547,MENTAL SUBJECT,"710 ST CLAIR Belleville, IL",,
7/19/2024 10:54,2024-043776,MENTAL SUBJECT,"720 W MAIN Belleville, IL",38.5133354,-89.9901936342252
7/13/2024 14:44,2024-042325,MENTAL SUBJECT 24-03917,"7610 MAGNA DR Belleville, IL",38.544224,-90.057262
7/15/2024 4:29,2024-042653,MISSING PERSON / ADULT,"15 Belleville Police Belleville, IL",,
7/17/2024 17:21,2024-043379,MISSING PERSON / ADULT 24-04004,"810 N CHARLES Belleville, IL",,
7/18/2024 0:32,2024-043469,MISSING PERSON / ADULT 24-04007,"2510 FRANK SCOTT Belleville, IL",,
7/16/2024 13:03,2024-043007,MISSING PERSON / JUVENILE 24-03981,"410 N MICHIGAN Belleville, IL",38.5220507,-89.9689145
7/13/2024 5:03,2024-042230,MOTORIST ASSIST,"1 W STATE RT Belleville, IL",38.561238,-90.022926
7/13/2024 5:40,2024-042236,MOTORIST ASSIST,"1 W STATE RT Belleville, IL",,
7/16/2024 9:39,2024-042922,MOTORIST ASSIST,"1 N 2ND ST/W Belleville, IL",,
7/16/2024 10:59,2024-042944,MOTORIST ASSIST,"1 N 17TH ST/W Belleville, IL",38.628903,-90.204783
7/16/2024 11:50,2024-042959,MOTORIST ASSIST,"610 S 29TH Belleville, IL",38.527046,-90.019909
7/16/2024 12:26,2024-042981,MOTORIST ASSIST,"2710 BROOKMEADOW DR Belleville, IL",,
7/16/2024 12:33,2024-042979,MOTORIST ASSIST,"410 N 39TH Belleville, IL",38.538279,-90.0141059
7/16/2024 12:34,2024-042980,MOTORIST ASSIST,"1 SOUTH PARK DR/N Belleville, IL",38.51473,-89.973456
7/16/2024 12:41,2024-042987,MOTORIST ASSIST,"1 E C ST/N Belleville, IL",,
7/16/2024 12:45,2024-043024,MOTORIST ASSIST,"4210 OAK LN Belleville, IL",38.5405569,-90.0175893
7/16/2024 12:47,2024-042991,MOTORIST ASSIST,"1 MASCOUTAH AVE/MISTY HOLLOW Belleville, IL",38.51473,-89.973456
7/16/2024 12:55,2024-042996,MOTORIST ASSIST,"3710 W MAIN Belleville, IL",,
7/16/2024 13:00,2024-043004,MOTORIST ASSIST,"1 E D ST/N Belleville, IL",,
7/16/2024 13:48,2024-043051,MOTORIST ASSIST,"1 CARLYLE AVE/N GREEN Belleville, IL",38.51473,-89.973456
7/16/2024 14:14,2024-043060,MOTORIST ASSIST,"1 MC CLINTOCK AVE/CARLYLE Belleville, IL",38.51473,-89.973456
7/16/2024 14:29,2024-043067,MOTORIST ASSIST,"10 DALE ALLEN Belleville, IL",,
7/16/2024 15:00,2024-043075,MOTORIST ASSIST,"1 W F ST/N Belleville, IL",,
7/16/2024 16:23,2024-043110,MOTORIST ASSIST,"1 W C ST/N Belleville, IL",38.593131,-90.209026
7/17/2024 16:59,2024-043376,MOTORIST ASSIST,"1 W STATE RT Belleville, IL",38.561238,-90.022926
7/16/2024 17:00,2024-043124,MOTORIST ASSIST 24-03986,"1 MC CLINTOCK AVE/ROBIN Belleville, IL",,
7/13/2024 8:27,2024-042252,NEIGHBOR DISPUTE,"810 E WASHINGTON Belleville, IL",38.5126555,-89.9746745
7/17/2024 18:40,2024-043396,NEIGHBOR DISPUTE,"10 S 76TH Belleville, IL",38.5612734,-90.0473355
7/19/2024 10:20,2024-043765,NEIGHBOR DISPUTE,"3210 W MAIN Belleville, IL",,
7/17/2024 23:43,2024-043461,NOISE DISTURBANCE,"10 S 76TH Belleville, IL",,
7/18/2024 19:32,2024-043641,OPEN DOOR/WINDOW,"3910 W MAIN Belleville, IL",38.5361309,-90.0185995
7/13/2024 22:47,2024-042433,PEDESTRIAN CHECK,"5710 NORTH BELT Belleville, IL",38.5416425,-90.033377
7/14/2024 1:20,2024-042453,PEDESTRIAN CHECK,"110 CARLYLE AVE Belleville, IL",38.51459,-89.966467
7/14/2024 7:28,2024-042482,PEDESTRIAN CHECK,"410 E MAIN Belleville, IL",38.5133293,-89.97714930214696
7/14/2024 14:48,2024-042545,PEDESTRIAN CHECK,"710 SCHEEL ST Belleville, IL",,
7/15/2024 2:30,2024-042639,PEDESTRIAN CHECK,"410 N 3RD Belleville, IL",,
7/17/2024 16:42,2024-043372,PEDESTRIAN CHECK,"1 N 50TH ST Belleville, IL",38.544216,-90.028961
7/18/2024 2:00,2024-043480,PEDESTRIAN CHECK,"510 S JACKSON Belleville, IL",38.5081306,-89.9815197
7/19/2024 22:14,2024-043921,PEDESTRIAN CHECK,"1 N CHARLES ST/SCHEEL Belleville, IL",38.51473,-89.973456
7/19/2024 22:36,2024-043927,PEDESTRIAN CHECK,"210 W MAIN Belleville, IL",38.5133354,-89.9901936342252
7/19/2024 22:56,2024-043932,PEDESTRIAN CHECK,"1 RAAB AVE/S 17TH Belleville, IL",38.51473,-89.973456
7/19/2024 23:17,2024-043944,PEDESTRIAN CHECK,"1 S OAK ST/E Belleville, IL",38.51473,-89.973456
7/19/2024 23:20,2024-043945,PEDESTRIAN CHECK,"1 E MAIN ST/S Belleville, IL",,
7/14/2024 7:43,2024-042485,PEDESTRIAN CHECK 24-03934,"610 E MAIN Belleville, IL",,
7/19/2024 21:27,2024-043905,PEDESTRIAN CHECK 24-04041,"1 LEBANON AVE/N DOUGLAS Belleville, IL",38.51473,-89.973456
7/14/2024 19:26,2024-042587,PEDESTRIAN ON ROADWAY,"1 W MAIN ST/S Belleville, IL",38.51473,-89.973456
7/19/2024 16:23,2024-043826,PEDESTRIAN ON ROADWAY,"3110 W MAIN Belleville, IL",,
7/15/2024 11:22,2024-042724,POLICE UNIT MAINTENANCE,"17 Belleville Police Belleville, IL",,
7/15/2024 13:07,2024-042738,PRISONER TRANSPORT,"720 W MAIN Belleville, IL",38.5133354,-89.9901936342252
7/15/2024 15:41,2024-042760,PRISONER TRANSPORT,"720 W MAIN Belleville, IL",38.5133354,-89.9901936342252
7/17/2024 15:21,2024-043352,PRISONER TRANSPORT,"720 W MAIN Belleville, IL",,
7/17/2024 18:35,2024-043394,PRISONER TRANSPORT,"720 W MAIN Belleville, IL",,
7/18/2024 12:04,2024-043550,PRISONER TRANSPORT,"720 W MAIN Belleville, IL",,
7/19/2024 12:23,2024-043793,PRISONER TRANSPORT,"720 W MAIN Belleville, IL",,
7/19/2024 13:57,2024-043808,PRISONER TRANSPORT,"720 W MAIN Belleville, IL",,
7/19/2024 15:27,2024-043817,PRISONER TRANSPORT,"720 W MAIN Belleville, IL",38.5133354,-89.9901936342252
7/13/2024 0:23,2024-042212,RECKLESS DRIVER,"2610 W MAIN Belleville, IL",38.5247543,-90.0111455
7/13/2024 19:42,2024-042389,RECKLESS DRIVER,"1 W MAIN ST/N Belleville, IL",,
7/13/2024 21:20,2024-042412,RECKLESS DRIVER,"1 BELLEVILLE CROSSING ST Belleville, IL",,
7/14/2024 1:10,2024-042449,RECKLESS DRIVER,"1 N GREEN MOUNT Belleville, IL",,
7/15/2024 13:08,2024-042740,RECKLESS DRIVER,"1 W MAIN ST/NORTH Belleville, IL",,
7/16/2024 12:55,2024-043021,RECKLESS DRIVER,"1 CENTREVILLE AVE/W MONROE Belleville, IL",38.267614,-90.193606
7/16/2024 22:02,2024-043197,RECKLESS DRIVER,"720 W MAIN Belleville, IL",38.5133354,-89.9901936342252
7/17/2024 15:11,2024-043351,RECKLESS DRIVER,"110 E MAIN Belleville, IL",,
7/18/2024 21:46,2024-043675,RECKLESS DRIVER,"1 W STATE RT Belleville, IL",,
7/19/2024 6:27,2024-043722,RECKLESS DRIVER,"1 W STATE RT Belleville, IL",,
7/19/2024 16:41,2024-043831,RECKLESS DRIVER,"5610 BELLEVILLE CROSSING Belleville, IL",,
7/19/2024 19:06,2024-043854,RECKLESS DRIVER,"1 GREEN MOUNT COMMONS Belleville, IL",38.52115215,-89.92500673699404
7/13/2024 17:52,2024-042360,RETAIL THEFT 24-03923,"5610 BELLEVILLE CROSSING Belleville, IL",38.5224744,-90.0295299
7/15/2024 10:57,2024-042716,RETAIL THEFT 24-03955,"5610 BELLEVILLE CROSSING Belleville, IL",,
7/15/2024 19:11,2024-042798,RETAIL THEFT 24-03966,"10 SOUTH BELT Belleville, IL",,
7/17/2024 12:07,2024-043313,RETAIL THEFT 24-03997,"2610 GREEN MOUNT Belleville, IL",38.520541,-89.924028
7/17/2024 20:30,2024-043421,RETAIL THEFT 24-04006,"4513 W MAIN Belleville, IL",38.540953,-90.023081
7/16/2024 15:08,2024-043081,ROAD OBSTRUCTION,"28 Belleville Police Belleville, IL",,
7/16/2024 15:12,2024-043083,ROAD OBSTRUCTION,"720 W MAIN Belleville, IL",38.5133354,-89.9901936342252
7/13/2024 17:35,2024-042357,ROAD RAGE,"1 W STATE RT Belleville, IL",38.561238,-90.022926
7/13/2024 16:56,2024-042353,ROAD RAGE 24-03924,"1710 STEVENS ST Belleville, IL",,
7/15/2024 13:16,2024-042743,RUNAWAY JUVENILE,"910 ROYAL HEIGHTS Belleville, IL",38.5442171,-90.0137165
7/19/2024 1:38,2024-043702,RUNAWAY JUVENILE,"110 N MISSOURI Belleville, IL",38.5167723,-89.9695447
7/13/2024 12:24,2024-042298,RUNAWAY JUVENILE 24-03922,"310 W CLEVELAND Belleville, IL",,
7/14/2024 22:51,2024-042620,RUNAWAY JUVENILE 24-03950,"1310 UNION AVE Belleville, IL",,
7/18/2024 9:29,2024-043520,SCAVENGING,"610 CARLYLE AVE Belleville, IL",38.5163816,-89.9567007
7/18/2024 14:38,2024-043580,SEARCH WARRANT 24-04017,"9910 W MAIN Belleville, IL",38.5828009,-90.0566627
7/16/2024 11:28,2024-042955,SEX OFFENDER CHECK,"720 W MAIN Belleville, IL",,
7/17/2024 9:28,2024-043281,SEX OFFENDER CHECK,"720 W MAIN Belleville, IL",,
7/17/2024 11:23,2024-043302,SEX OFFENDER CHECK 24-03993,"720 W MAIN Belleville, IL",38.5133354,-89.9901936342252
7/17/2024 11:24,2024-043303,SEX OFFENDER CHECK 24-03994,"720 W MAIN Belleville, IL",38.5133354,-89.9901936342252
7/19/2024 0:27,2024-043699,SHOTS FIRED,"210 ARAPAHO DR Belleville, IL",38.498446,-90.0048931
7/19/2024 22:10,2024-043919,SHOTS FIRED,"910 S 5TH Belleville, IL",38.5046359,-89.9912155
7/14/2024 18:34,2024-042578,SHOTS FIRED 24-03946,"710 N CHARLES Belleville, IL",,
7/13/2024 9:09,2024-042262,SICK CALL,"2 Belleville Police Belleville, IL",,
7/14/2024 3:37,2024-042469,SICK CALL,"610 E MAIN Belleville, IL",,
7/15/2024 20:26,2024-042815,SICK CALL,"210 S ILLINOIS Belleville, IL",,
7/15/2024 20:46,2024-042820,SICK CALL,"720 W MAIN Belleville, IL",38.5133354,-89.9901936342252
7/16/2024 11:10,2024-042949,SICK CALL,"110 E B Belleville, IL",38.5155298,-89.9821299
7/16/2024 21:33,2024-043189,SICK CALL,"1310 FRANK SCOTT Belleville, IL",38.55825,-90.01218
7/17/2024 22:43,2024-043449,SICK CALL,"720 W MAIN Belleville, IL",38.5133354,-89.9901936342252
7/17/2024 23:36,2024-043460,SICK CALL,"610 SOUTH BELT Belleville, IL",,
7/18/2024 11:36,2024-043545,SICK CALL,"10 SOUTH BELT Belleville, IL",,
7/18/2024 16:14,2024-043605,SICK CALL,"10 GLORY PL Belleville, IL",,
7/19/2024 4:22,2024-043714,SICK CALL,"1610 W MAIN Belleville, IL",38.51749,-90.002531
7/19/2024 8:19,2024-043739,SICK CALL,"710 SCHEEL ST Belleville, IL",38.5207741,-89.9755874
7/19/2024 23:26,2024-043946,SICK CALL,"720 W MAIN Belleville, IL",38.5133354,-89.9901936342252
7/14/2024 14:57,2024-042546,SICK CALL 24-03937,"1610 WHITLOW DR Belleville, IL",38.5353133,-90.0070368
7/15/2024 21:04,2024-042822,SICK CALL 24-03968,"310 N 8TH Belleville, IL",38.51859,-89.993528
7/17/2024 13:14,2024-043323,SICK CALL 24-04001,"210 S ILLINOIS Belleville, IL",38.4750313,-89.9286139
7/18/2024 9:05,2024-043517,SICK CALL 24-04011,"2610 GREEN MOUNT Belleville, IL",,
7/18/2024 13:47,2024-043566,SICK CALL 24-04014,"1 E B ST/N Belleville, IL",38.593131,-90.209026
7/16/2024 17:39,2024-043133,STANDBY,"210 S 16TH Belleville, IL",38.5154152,-90.0038629
7/16/2024 15:24,2024-043091,STOLEN BICYCLE 24-03984,"310 KRETSCHMER AVE Belleville, IL",,
7/15/2024 22:31,2024-042836,STOLEN VEHICLE 24-03972,"1010 COOL VALLEY Belleville, IL",38.5015356,-89.9507085
7/18/2024 16:44,2024-043610,STOLEN VEHICLE 24-04021,"610 S 20TH Belleville, IL",38.517513,-90.011164
7/19/2024 7:27,2024-043732,STOLEN VEHICLE 24-04032,"10 MILLS PL Belleville, IL",38.533986,-90.007809
7/15/2024 14:21,2024-042750,SUBJECT DOWN,"1 W MAIN ST/N Belleville, IL",38.51473,-89.973456
7/17/2024 15:43,2024-043358,SUBJECT DOWN,"310 N 2ND Belleville, IL",38.5171194,-89.9868941
7/18/2024 11:55,2024-043549,SUBJECT DOWN,"6310 W MAIN Belleville, IL",38.552638,-90.038981
7/13/2024 1:01,2024-042216,SUBJECT REMOVAL,"310 E MAIN Belleville, IL",,
7/13/2024 3:23,2024-042223,SUBJECT REMOVAL,"110 N HIGH Belleville, IL",38.514998,-89.982446
7/13/2024 12:13,2024-042296,SUBJECT REMOVAL,"510 N 1ST Belleville, IL",38.5192496,-89.9852104
7/14/2024 15:19,2024-042551,SUBJECT REMOVAL,"710 CARLYLE AVE Belleville, IL",,
7/14/2024 15:33,2024-042554,SUBJECT REMOVAL,"910 CARLYLE AVE Belleville, IL",38.5179672,-89.948903
7/14/2024 19:46,2024-042592,SUBJECT REMOVAL,"7710 W MAIN Belleville, IL",38.5630171,-90.0477582
7/15/2024 2:39,2024-042641,SUBJECT REMOVAL,"110 E B Belleville, IL",38.5155298,-89.9821299
7/15/2024 7:58,2024-042672,SUBJECT REMOVAL,"110 E B Belleville, IL",38.5155298,-89.9821299
7/15/2024 8:58,2024-042688,SUBJECT REMOVAL,"710 SOUTH BELT Belleville, IL",,
7/15/2024 11:14,2024-042722,SUBJECT REMOVAL,"1710 MASCOUTAH AVE Belleville, IL",38.5048926,-89.9494282
7/15/2024 12:03,2024-042728,SUBJECT REMOVAL,"110 E MAIN Belleville, IL",38.513329299999995,-89.97714930214696
7/15/2024 16:19,2024-042767,SUBJECT REMOVAL,"4513 W MAIN Belleville, IL",38.540953,-90.023081
7/15/2024 17:11,2024-042772,SUBJECT REMOVAL,"6410 W MAIN Belleville, IL",38.553263,-90.0391906
7/15/2024 17:56,2024-042779,SUBJECT REMOVAL,"710 N 17TH Belleville, IL",,
7/15/2024 18:07,2024-042781,SUBJECT REMOVAL,"1210 LEBANON AVE Belleville, IL",38.5292692,-89.9709177
7/16/2024 6:14,2024-042882,SUBJECT REMOVAL,"310 N 8TH Belleville, IL",38.51859,-89.993528
7/16/2024 7:12,2024-042889,SUBJECT REMOVAL,"10 HI-POINTE DR Belleville, IL",38.5749642,-90.0411463
7/16/2024 7:28,2024-042892,SUBJECT REMOVAL,"1010 E MAIN Belleville, IL",38.5134069,-89.9701358
7/16/2024 11:26,2024-042953,SUBJECT REMOVAL,"5510 NORTH BELT Belleville, IL",,
7/16/2024 15:21,2024-043088,SUBJECT REMOVAL,"4500 MEMORIAL DR Belleville, IL",,
7/16/2024 15:46,2024-043097,SUBJECT REMOVAL,"1610 LASALLE ST Belleville, IL",38.5275737,-89.9682263
7/16/2024 16:23,2024-043112,SUBJECT REMOVAL,"10 GARNETTE DR Belleville, IL",38.498573,-89.969688
7/16/2024 18:34,2024-043143,SUBJECT REMOVAL,"710 E MAIN Belleville, IL",38.513329299999995,-89.97714930214696
7/16/2024 19:47,2024-043164,SUBJECT REMOVAL,"710 E MAIN Belleville, IL",38.513329299999995,-89.97714930214696
7/16/2024 22:33,2024-043202,SUBJECT REMOVAL,"1210 LEBANON AVE Belleville, IL",38.5292692,-89.9709177
7/17/2024 6:22,2024-043247,SUBJECT REMOVAL,"210 S ILLINOIS Belleville, IL",38.4750313,-89.9286139
7/17/2024 9:49,2024-043292,SUBJECT REMOVAL,"710 E MAIN Belleville, IL",38.513329299999995,-89.97714930214696
7/17/2024 11:53,2024-043307,SUBJECT REMOVAL,"610 E MAIN Belleville, IL",38.513329299999995,-89.97714930214696
7/17/2024 15:20,2024-043353,SUBJECT REMOVAL,"110 E MAIN Belleville, IL",,
7/17/2024 17:31,2024-043381,SUBJECT REMOVAL,"2610 GREEN MOUNT Belleville, IL",,
7/17/2024 22:10,2024-043442,SUBJECT REMOVAL,"610 N CHARLES Belleville, IL",,
7/18/2024 3:45,2024-043490,SUBJECT REMOVAL,"210 FREEDOM DR Belleville, IL",38.5389401,-90.0294151
7/18/2024 7:12,2024-043503,SUBJECT REMOVAL,"2610 CARLYLE AVE Belleville, IL",38.5194954,-89.9222723
7/18/2024 10:07,2024-043532,SUBJECT REMOVAL,"2210 W STATE Belleville, IL",,
7/18/2024 13:58,2024-043571,SUBJECT REMOVAL,"5710 BELLEVILLE CROSSING Belleville, IL",38.5243909,-90.0323067
7/18/2024 19:54,2024-043645,SUBJECT REMOVAL,"110 E MAIN Belleville, IL",38.513329299999995,-89.97714930214696
7/18/2024 20:07,2024-043649,SUBJECT REMOVAL,"110 SOUTH BELT Belleville, IL",38.5024915,-89.9825183
7/18/2024 21:07,2024-043662,SUBJECT REMOVAL,"4610 W MAIN Belleville, IL",38.541606,-90.025125
7/18/2024 22:06,2024-043680,SUBJECT REMOVAL,"310 E MAIN Belleville, IL",,
7/18/2024 22:50,2024-043685,SUBJECT REMOVAL,"110 HILLWOOD CT Belleville, IL",,
7/18/2024 23:42,2024-043692,SUBJECT REMOVAL,"210 GETTYSBURG RD Belleville, IL",38.5538455,-90.0174021
7/19/2024 6:38,2024-043724,SUBJECT REMOVAL,"710 E MAIN Belleville, IL",38.513329299999995,-89.97714930214696
7/19/2024 15:12,2024-043816,SUBJECT REMOVAL,"10 BELLEVUE PARK Belleville, IL",38.5430638,-90.0226723
7/19/2024 16:35,2024-043828,SUBJECT REMOVAL,"6910 W MAIN Belleville, IL",38.5564387,-90.04267
7/19/2024 17:24,2024-043837,SUBJECT REMOVAL,"4810 W WASHINGTON Belleville, IL",38.5420389,-90.0276349
7/19/2024 18:14,2024-043846,SUBJECT REMOVAL,"4610 W MAIN Belleville, IL",38.541606,-90.025125
7/19/2024 18:59,2024-043852,SUBJECT REMOVAL,"4710 W MAIN Belleville, IL",38.5422541,-90.0259054
7/19/2024 20:51,2024-043895,SUBJECT REMOVAL,"10 N 64TH Belleville, IL",38.5535434,-90.0386716
7/19/2024 21:33,2024-043909,SUBJECT REMOVAL,"5710 NORTH BELT Belleville, IL",38.5416425,-90.033377
7/16/2024 19:25,2024-043155,SUBJECT REMOVAL 24-03988,"210 N 38TH Belleville, IL",38.5365145,-90.0151702
7/14/2024 22:24,2024-042618,SUBJECT W/ WEAPONS,"720 W MAIN Belleville, IL",,
7/16/2024 18:14,2024-043142,SUBJECT W/ WEAPONS,"10 KENSINGTON HEIGHTS Belleville, IL",,
7/17/2024 16:04,2024-043363,SUBJECT W/ WEAPONS,"1710 NORTH BELT Belleville, IL",,
7/14/2024 16:48,2024-042567,SUBJECT W/ WEAPONS 24-03943,"3110 MARTHA ST Belleville, IL",38.5298718,-90.0159725
7/15/2024 11:38,2024-042725,SUICIDAL SUBJECT,"10 N 64TH Belleville, IL",38.5535434,-90.0386716
7/17/2024 14:27,2024-043337,SUICIDAL SUBJECT,"910 BRENTMOOR DR Belleville, IL",38.5432762,-90.0463169
7/19/2024 2:06,2024-043704,SUICIDAL SUBJECT,"710 WABASH AVE Belleville, IL",38.5066244,-89.9657565
7/13/2024 13:22,2024-042307,SUSPICIOUS / ACTIVITY,"6910 W MAIN Belleville, IL",38.5564387,-90.04267
7/13/2024 15:13,2024-042337,SUSPICIOUS / ACTIVITY,"510 S 44TH Belleville, IL",38.5342838,-90.022922
7/13/2024 15:31,2024-042339,SUSPICIOUS / ACTIVITY,"2610 GREEN MOUNT Belleville, IL",,
7/13/2024 17:22,2024-042356,SUSPICIOUS / ACTIVITY,"5 Belleville Police Belleville, IL",,
7/15/2024 2:56,2024-042642,SUSPICIOUS / ACTIVITY,"1210 N CHURCH Belleville, IL",38.52524,-89.974357
7/16/2024 23:56,2024-043213,SUSPICIOUS / ACTIVITY,"910 N ILLINOIS Belleville, IL",38.4750313,-89.9286139
7/17/2024 2:44,2024-043231,SUSPICIOUS / ACTIVITY,"1110 BRISTOW ST Belleville, IL",38.5254117,-89.9788172
7/18/2024 1:19,2024-043475,SUSPICIOUS / ACTIVITY,"210 SPRINGDALE DR Belleville, IL",38.5457515,-90.039545
7/18/2024 20:57,2024-043660,SUSPICIOUS / ACTIVITY,"510 SHERMAN ST Belleville, IL",38.5264956,-89.9643995
7/19/2024 13:25,2024-043804,SUSPICIOUS / ACTIVITY,"1 CARLYLE AVE/COLLEGE PLAZA Belleville, IL",38.51473,-89.973456
7/19/2024 19:52,2024-043873,SUSPICIOUS / ACTIVITY,"1410 N 17TH Belleville, IL",38.6294872,-90.1325347
7/19/2024 21:27,2024-043906,SUSPICIOUS / ACTIVITY,"910 N CHARLES Belleville, IL",38.522192,-89.976156
7/13/2024 13:18,2024-042306,SUSPICIOUS / ACTIVITY 24-03914,"4810 BELLEVILLE CROSSING Belleville, IL",38.5155309,-90.0175923
7/15/2024 13:16,2024-042742,SUSPICIOUS / ACTIVITY 24-03958,"10 S 22ND Belleville, IL",38.5212883,-90.0083244
7/15/2024 19:40,2024-042807,SUSPICIOUS / ACTIVITY 24-03967,"1410 N CHARLES Belleville, IL",,
7/15/2024 23:04,2024-042840,SUSPICIOUS / ACTIVITY 24-03970,"410 S ILLINOIS Belleville, IL",38.519501,-89.904382
7/17/2024 6:54,2024-043249,SUSPICIOUS / ACTIVITY 24-03990,"720 W MAIN Belleville, IL",38.5133354,-89.9901936342252
7/18/2024 6:57,2024-043502,SUSPICIOUS / ACTIVITY 24-04010,"1 N CHARLES ST/E Belleville, IL",38.51473,-89.973456
7/18/2024 12:48,2024-043554,SUSPICIOUS / NOISE,"910 COOL VALLEY Belleville, IL",38.5047069,-89.9495034
7/18/2024 22:00,2024-043678,SUSPICIOUS / NOISE,"1110 E MONROE Belleville, IL",,
7/14/2024 4:50,2024-042475,SUSPICIOUS / SUBJECT,"9 Belleville Police Belleville, IL",38.513543,-89.994754
7/16/2024 3:18,2024-042869,SUSPICIOUS / SUBJECT,"110 N CHURCH Belleville, IL",38.5150265,-89.9802176
7/16/2024 16:52,2024-043120,SUSPICIOUS / SUBJECT,"2610 W MAIN Belleville, IL",38.5247543,-90.0111455
7/17/2024 9:32,2024-043287,SUSPICIOUS / SUBJECT,"10 N 64TH Belleville, IL",38.5535434,-90.0386716
7/17/2024 11:07,2024-043297,SUSPICIOUS / SUBJECT,"510 LONGVIEW DR Belleville, IL",38.5444893,-90.0445835
7/17/2024 20:48,2024-043428,SUSPICIOUS / SUBJECT,"1 S 2ND ST/W Belleville, IL",38.513615,-89.986908
7/17/2024 22:23,2024-043445,SUSPICIOUS / SUBJECT,"1 N 44TH ST/SOUTH Belleville, IL",38.538362,-90.02226
7/18/2024 2:37,2024-043485,SUSPICIOUS / SUBJECT,"910 W E Belleville, IL",38.519409,-89.994614
7/18/2024 20:17,2024-043651,SUSPICIOUS / SUBJECT,"1810 LEBANON AVE Belleville, IL",38.537321,-89.960358
7/18/2024 22:03,2024-043679,SUSPICIOUS / SUBJECT,"410 E MAIN Belleville, IL",38.513329299999995,-89.97714930214696
7/19/2024 13:36,2024-043806,SUSPICIOUS / SUBJECT,"810 CENTREVILLE AVE Belleville, IL",38.5071633,-89.9968424
7/19/2024 22:33,2024-043926,SUSPICIOUS / SUBJECT,"310 S 16TH Belleville, IL",38.5147627,-90.0053006
7/13/2024 1:44,2024-042218,SUSPICIOUS / VEHICLE,"610 CLAY ST Belleville, IL",,
7/13/2024 14:32,2024-042322,SUSPICIOUS / VEHICLE,"1410 COMMERCIAL ST Belleville, IL",38.5332334,-89.9683911
7/13/2024 19:06,2024-042376,SUSPICIOUS / VEHICLE,"610 MASCOUTAH AVE Belleville, IL",38.5077366,-89.9725637
7/15/2024 0:50,2024-042630,SUSPICIOUS / VEHICLE,"10 BEYKIRCH DR Belleville, IL",38.4989548,-89.9693517
7/15/2024 22:55,2024-042839,SUSPICIOUS / VEHICLE,"310 JOHN HENRY Belleville, IL",38.497272,-90.00148
7/16/2024 15:58,2024-043103,SUSPICIOUS / VEHICLE,"10 PUBLIC SQ Belleville, IL",38.512958,-89.9851
7/17/2024 1:09,2024-043224,SUSPICIOUS / VEHICLE,"810 S 6TH Belleville, IL",38.512491,-89.992219
7/18/2024 0:07,2024-043463,SUSPICIOUS / VEHICLE,"10 MARIKNOLL DR Belleville, IL",38.543855,-90.0088389
7/18/2024 21:43,2024-043674,SUSPICIOUS / VEHICLE,"2710 W MAIN Belleville, IL",38.526144,-90.0117045
7/19/2024 19:40,2024-043867,SUSPICIOUS / VEHICLE,"7210 WESTFIELD PLAZA Belleville, IL",38.5429697,-90.0531633
7/14/2024 13:41,2024-042536,TEST,"1110 LILAC DR Belleville, IL",38.5019543,-89.9625951
7/15/2024 0:10,2024-042625,THEFT,"110 S 37TH Belleville, IL",38.533425,-90.019459
7/16/2024 22:45,2024-043205,THEFT,"710 W LINCOLN Belleville, IL",38.511655,-89.995365
7/14/2024 15:19,2024-042552,THEFT 24-03939,"510 CARLYLE AVE Belleville, IL",38.5160567,-89.9580478
7/14/2024 15:58,2024-042558,THEFT 24-03941,"10 S 14TH Belleville, IL",38.516168,-90.000105
7/18/2024 8:16,2024-043508,THEFT 24-04009,"2110 SCHEEL ST Belleville, IL",,
7/18/2024 13:57,2024-043570,THEFT 24-04015,"5510 BELLEVILLE CROSSING Belleville, IL",38.523989,-90.0316367
7/18/2024 15:23,2024-043587,THEFT 24-04016,"210 FREEDOM DR Belleville, IL",38.5389401,-90.0294151
7/19/2024 6:57,2024-043726,THEFT 24-04029,"210 S 17TH Belleville, IL",38.515659,-90.0059522
7/19/2024 7:25,2024-043730,THEFT 24-04030,"2610 BROOKMEADOW DR Belleville, IL",38.5082526,-89.9256693
7/19/2024 7:29,2024-043733,THEFT 24-04033,"2610 GREEN MOUNT Belleville, IL",38.520541,-89.924028
7/19/2024 21:06,2024-043899,THEFT 24-04040,"2610 GREEN MOUNT Belleville, IL",38.520541,-89.924028
7/19/2024 20:06,2024-043880,THEFT,"1510 LASALLE ST Belleville, IL",38.5264754,-89.9696432
7/13/2024 18:53,2024-042374,THREATS,"110 E B Belleville, IL",38.5155298,-89.9821299
7/14/2024 16:21,2024-042563,THREATS,"720 W MAIN Belleville, IL",38.5133354,-89.9901936342252
7/15/2024 17:45,2024-042777,THREATS,"510 S 19TH Belleville, IL",38.5166725,-90.009956
7/17/2024 11:55,2024-043311,THREATS,"110 E WASHINGTON Belleville, IL",38.5126321,-89.9821828
7/17/2024 17:38,2024-043386,THREATS,"3910 W MAIN Belleville, IL",38.5361309,-90.0185995
7/18/2024 8:23,2024-043509,THREATS,"1210 LEBANON AVE Belleville, IL",38.5292692,-89.9709177
7/19/2024 12:16,2024-043790,THREATS,"810 GASS AVE Belleville, IL",38.5095295,-90.0012459
7/15/2024 15:45,2024-042763,THREATS 24-03961,"4610 MEMORIAL DR Belleville, IL",38.548899,-90.020767
7/17/2024 14:35,2024-043340,THREATS 24-04000,"10 BUCKINGHAM RD Belleville, IL",38.5426882,-90.0068172
7/13/2024 1:28,2024-042217,TRAFFIC STOP,"1 W MAIN ST/S Belleville, IL",,
7/13/2024 2:10,2024-042220,TRAFFIC STOP,"1 W MAIN ST/N Belleville, IL",,
7/13/2024 6:57,2024-042240,TRAFFIC STOP,"1210 FREEBURG AVE Belleville, IL",38.5013861,-89.9771052
7/13/2024 10:55,2024-042278,TRAFFIC STOP,"1 N 3RD ST/W Belleville, IL",38.535055,-89.697144
7/13/2024 14:37,2024-042324,TRAFFIC STOP,"1 WEST BLVD/SHADY LN Belleville, IL",38.51473,-89.973456
7/13/2024 16:49,2024-042351,TRAFFIC STOP,"1 E B ST/N Belleville, IL",38.593131,-90.209026
7/13/2024 16:57,2024-042352,TRAFFIC STOP,"1 N DOUGLAS AVE/SCHEEL Belleville, IL",38.515149,-89.973292
7/13/2024 17:08,2024-042354,TRAFFIC STOP,"1 N DOUGLAS AVE/E Belleville, IL",38.515149,-89.973292
7/13/2024 19:30,2024-042384,TRAFFIC STOP,"6 Belleville Police Belleville, IL",38.513543,-89.994754
7/13/2024 21:09,2024-042409,TRAFFIC STOP,"5710 NORTH BELT Belleville, IL",38.5416425,-90.033377
7/13/2024 21:37,2024-042417,TRAFFIC STOP,"1 W STATE RT Belleville, IL",38.561238,-90.022926
7/13/2024 21:54,2024-042420,TRAFFIC STOP,"1 FREEBURG AVE/WABASH AVE Belleville, IL",38.418987,-89.903774
7/13/2024 21:57,2024-042421,TRAFFIC STOP,"7 Belleville Police Belleville, IL",38.513543,-89.994754
7/13/2024 22:58,2024-042437,TRAFFIC STOP,"10 SOUTH BELT Belleville, IL",38.5020943,-89.9848753
7/13/2024 23:02,2024-042438,TRAFFIC STOP,"1 S 53RD ST/W Belleville, IL",38.545887,-90.031464
7/13/2024 23:46,2024-042442,TRAFFIC STOP,"1 NORTH BELT WEST/FRANK Belleville, IL",38.51473,-89.973456
7/14/2024 1:04,2024-042448,TRAFFIC STOP,"1 MASCOUTAH AVE/E MC Belleville, IL",38.51473,-89.973456
7/14/2024 4:14,2024-042473,TRAFFIC STOP,"310 HICKORY BEND Belleville, IL",38.533642,-90.036389
7/14/2024 9:02,2024-042496,TRAFFIC STOP,"1 S 74TH ST/W Belleville, IL",38.559654,-90.045876
7/14/2024 9:25,2024-042501,TRAFFIC STOP,"1 W STATE RT Belleville, IL",38.561238,-90.022926
7/14/2024 13:25,2024-042533,TRAFFIC STOP,"1 S JACKSON ST/E Belleville, IL",38.51473,-89.973456
7/14/2024 14:23,2024-042540,TRAFFIC STOP,"11 Belleville Police Belleville, IL",38.513543,-89.994754
7/15/2024 7:06,2024-042660,TRAFFIC STOP,"1 N 82ND ST/W Belleville, IL",38.582668,-90.076355
7/15/2024 7:18,2024-042662,TRAFFIC STOP,"1610 CARLYLE AVE Belleville, IL",38.5194965,-89.9351144
7/15/2024 7:48,2024-042668,TRAFFIC STOP,"1 FRANK SCOTT PKWY Belleville, IL",38.5260763,-90.0360514
7/15/2024 8:35,2024-042680,TRAFFIC STOP,"1 E B ST/NORTH Belleville, IL",38.593131,-90.209026
7/15/2024 10:19,2024-042704,TRAFFIC STOP,"1 W STATE RT Belleville, IL",38.561238,-90.022926
7/15/2024 11:09,2024-042719,TRAFFIC STOP,"9410 W MAIN Belleville, IL",38.5749956,-90.0552282
7/16/2024 19:03,2024-043147,TRAFFIC STOP,"1610 W MAIN Belleville, IL",38.51749,-90.002531
7/16/2024 20:26,2024-043176,TRAFFIC STOP,"1 BUCKINGHAM RD/NORTH BELT Belleville, IL",38.51473,-89.973456
7/16/2024 20:45,2024-043180,TRAFFIC STOP,"5710 NORTH BELT Belleville, IL",38.5416425,-90.033377
7/17/2024 9:28,2024-043282,TRAFFIC STOP,"1 W STATE RT Belleville, IL",38.561238,-90.022926
7/17/2024 13:35,2024-043326,TRAFFIC STOP,"1 S 11TH ST/STATE Belleville, IL",,
7/17/2024 15:57,2024-043361,TRAFFIC STOP,"1 SOUTH BELT WEST/S Belleville, IL",38.502459,-89.984477
7/17/2024 19:27,2024-043407,TRAFFIC STOP,"1210 LEBANON AVE Belleville, IL",38.5292692,-89.9709177
7/17/2024 20:34,2024-043424,TRAFFIC STOP,"1 NORTH BELT WEST/BELLEVUE Belleville, IL",38.51473,-89.973456
7/17/2024 21:20,2024-043434,TRAFFIC STOP,"1 WABASH AVE/PRAIRIE AVE Belleville, IL",38.51473,-89.973456
7/17/2024 21:42,2024-043436,TRAFFIC STOP,"110 CARLYLE AVE Belleville, IL",38.51459,-89.966467
7/17/2024 21:43,2024-043437,TRAFFIC STOP,"1 NORTH BELT WEST/N Belleville, IL",38.5418684,-89.99983584205091
7/17/2024 22:24,2024-043446,TRAFFIC STOP,"1 W MAIN ST/S Belleville, IL",38.51473,-89.973456
7/17/2024 22:47,2024-043450,TRAFFIC STOP,"1 NORTH BELT WEST/RAINTREE Belleville, IL",38.51473,-89.973456
7/18/2024 0:09,2024-043465,TRAFFIC STOP,"1 MC CLINTOCK AVE/ROBIN Belleville, IL",38.514883,-89.959319
7/18/2024 2:42,2024-043486,TRAFFIC STOP,"1 S 76TH ST/W Belleville, IL",38.561413,-90.046829
7/18/2024 12:46,2024-043552,TRAFFIC STOP,"3810 NORTH BELT Belleville, IL",38.5415064,-90.012032
7/18/2024 20:45,2024-043655,TRAFFIC STOP,"610 CARLYLE AVE Belleville, IL",38.5163816,-89.9567007
7/19/2024 4:26,2024-043715,TRAFFIC STOP,"710 S ILLINOIS Belleville, IL",38.4750313,-89.9286139
7/19/2024 10:24,2024-043766,TRAFFIC STOP,"10 S 59TH Belleville, IL",38.5500651,-90.0359806
7/19/2024 14:51,2024-043812,TRAFFIC STOP,"1 N ILLINOIS ST/W Belleville, IL",38.513823,-89.984218
7/19/2024 15:56,2024-043821,TRAFFIC STOP,"10 PUBLIC SQ Belleville, IL",38.512958,-89.9851
7/19/2024 16:19,2024-043825,TRAFFIC STOP,"1 LEBANON AVE/E F Belleville, IL",38.51473,-89.973456
7/19/2024 18:48,2024-043849,TRAFFIC STOP,"1810 NORTH BELT Belleville, IL",38.5410975,-90.0051824
7/19/2024 19:34,2024-043863,TRAFFIC STOP,"2710 W MAIN Belleville, IL",38.526144,-90.0117045
7/19/2024 19:44,2024-043869,TRAFFIC STOP,"1 NORTH BELT WEST/W Belleville, IL",38.5418684,-89.99983584205091
7/19/2024 19:56,2024-043875,TRAFFIC STOP,"1910 NORTH BELT Belleville, IL",,
7/19/2024 20:02,2024-043876,TRAFFIC STOP,"610 E MAIN Belleville, IL",38.5133293,-89.97714930214696
7/19/2024 20:09,2024-043881,TRAFFIC STOP,"1 W STATE RT Belleville, IL",38.561238,-90.022926
7/19/2024 20:26,2024-043888,TRAFFIC STOP,"1 FOLEY DR/W MAIN Belleville, IL",38.51473,-89.973456
7/19/2024 20:34,2024-043889,TRAFFIC STOP,"1 W MAIN ST/S Belleville, IL",38.51473,-89.973456
7/19/2024 20:40,2024-043891,TRAFFIC STOP,"1 N 1ST ST/W Belleville, IL",38.513611,-89.985565
7/19/2024 20:48,2024-043893,TRAFFIC STOP,"1 W MAIN ST/PUBLIC Belleville, IL",38.51473,-89.973456
7/19/2024 20:51,2024-043894,TRAFFIC STOP,"1 S HIGH ST/E Belleville, IL",38.51473,-89.973456
7/19/2024 21:09,2024-043901,TRAFFIC STOP,"1 W STATE RT Belleville, IL",38.561238,-90.022926
7/19/2024 21:20,2024-043902,TRAFFIC STOP,"1 W MAIN ST/N Belleville, IL",38.51473,-89.973456
7/19/2024 21:29,2024-043907,TRAFFIC STOP,"1 W MAIN ST/N Belleville, IL",38.51473,-89.973456
7/19/2024 21:40,2024-043911,TRAFFIC STOP,"1 W STATE RT Belleville, IL",38.561238,-90.022926
7/19/2024 21:45,2024-043913,TRAFFIC STOP,"1 S HIGH ST/E Belleville, IL",38.51473,-89.973456
7/19/2024 21:48,2024-043914,TRAFFIC STOP,"110 SOUTH BELT Belleville, IL",38.5024915,-89.9825183
7/19/2024 21:51,2024-043915,TRAFFIC STOP,"4010 W MAIN Belleville, IL",38.5369085,-90.0193627
7/19/2024 21:58,2024-043916,TRAFFIC STOP,"1 NORTH BELT WEST/N Belleville, IL",38.5418684,-89.99983584205091
7/19/2024 22:06,2024-043917,TRAFFIC STOP,"1 E ADAMS ST/S Belleville, IL",38.51473,-89.973456
7/19/2024 22:07,2024-043918,TRAFFIC STOP,"1 FRANK SCOTT PKWY Belleville, IL",38.5260763,-90.0360514
7/19/2024 22:22,2024-043922,TRAFFIC STOP,"5710 NORTH BELT Belleville, IL",38.5416425,-90.033377
7/19/2024 22:29,2024-043925,TRAFFIC STOP,"1 W LINCOLN ST/S Belleville, IL",38.51473,-89.973456
7/19/2024 22:47,2024-043930,TRAFFIC STOP,"4513 W MAIN Belleville, IL",38.540953,-90.023081
7/19/2024 22:57,2024-043933,TRAFFIC STOP,"1510 S ILLINOIS Belleville, IL",38.4941112,-89.98362
7/19/2024 22:57,2024-043934,TRAFFIC STOP,"1 N HIGH ST/E Belleville, IL",38.51473,-89.973456
7/19/2024 23:04,2024-043936,TRAFFIC STOP,"1 CENTREVILLE AVE/STATE ST Belleville, IL",38.500922,-90.007341
7/19/2024 23:11,2024-043939,TRAFFIC STOP,"4513 W MAIN Belleville, IL",38.540953,-90.023081
7/19/2024 23:13,2024-043940,TRAFFIC STOP,"1 W STATE RT Belleville, IL",38.561238,-90.022926
7/19/2024 23:15,2024-043941,TRAFFIC STOP,"1 S GREEN MOUNT Belleville, IL",38.480558,-89.938216
7/19/2024 23:36,2024-043948,TRAFFIC STOP,"1 S 74TH ST/MAGNA Belleville, IL",,
7/13/2024 11:33,2024-042288,TRAFFIC STOP 24-03912,"510 S 1ST Belleville, IL",38.5084106,-89.985573
7/13/2024 14:05,2024-042314,TRAFFIC STOP 24-03915,"1 N 96TH ST/W Belleville, IL",38.578384,-90.056404
7/13/2024 17:18,2024-042355,TRAFFIC STOP 24-03921,"1 OLIVE ST/S DOUGLAS Belleville, IL",,
7/13/2024 19:13,2024-042379,TRAFFIC STOP 24-03925,"1 N HIGH ST/E Belleville, IL",38.51473,-89.973456
7/14/2024 3:55,2024-042471,TRAFFIC STOP 24-03931,"1 N PENNSYLVANIA AVE/SYCAMORE Belleville, IL",38.51473,-89.973456
7/15/2024 1:20,2024-042637,TRAFFIC STOP 24-03951,"1 FRANK SCOTT PKWY Belleville, IL",38.5260763,-90.0360514
7/17/2024 19:26,2024-043406,TRAFFIC STOP 24-04005,"4610 W MAIN Belleville, IL",38.541606,-90.025125
7/18/2024 21:24,2024-043668,TRAFFIC STOP 24-04025,"1 N 39TH ST/NORTH Belleville, IL",,
7/19/2024 18:54,2024-043850,TRAFFIC STOP 24-04038,"1 N DOUGLAS AVE/LEBANON Belleville, IL",38.51473,-89.973456
7/19/2024 21:23,2024-043903,TRAFFIC STOP 24-04042,"1 S 74TH ST/OLD Belleville, IL",38.641803,-90.181233
7/19/2024 23:03,2024-043935,TRAFFIC STOP 24-04043,"1 BEYKIRCH DR/WABASH Belleville, IL",38.51473,-89.973456
7/19/2024 23:33,2024-043947,TRAFFIC STOP 24-04046,"1 DEVONSHIRE DR/NORTH BELT Belleville, IL",38.51473,-89.973456
7/19/2024 19:26,2024-043859,TRAFFIC STOP ,"1 MEMORY LN/FRANK SCOTT Belleville, IL",38.51473,-89.973456
7/13/2024 8:51,2024-042255,TRESPASS,"310 PLEASANT HILL Belleville, IL",38.5192551,-89.9882707
7/13/2024 18:12,2024-042367,TRESPASS,"410 S 19TH Belleville, IL",38.516716,-90.009293
7/13/2024 22:29,2024-042429,TRESPASS,"2010 RESERVE WALK Belleville, IL",38.4883043,-89.9765355
7/14/2024 13:38,2024-042535,TRESPASS,"4513 W MAIN Belleville, IL",38.540953,-90.023081
7/14/2024 16:25,2024-042565,TRESPASS,"9610 W MAIN Belleville, IL",38.578815,-90.056764
7/15/2024 21:55,2024-042832,TRESPASS,"410 E MAIN Belleville, IL",38.5133293,-89.97714930214696
7/17/2024 14:46,2024-043345,TRESPASS,"510 E MAIN Belleville, IL",38.5133293,-89.97714930214696
7/17/2024 17:32,2024-043382,TRESPASS,"10 RUGBY DR Belleville, IL",38.5463173,-90.0059135
7/18/2024 23:12,2024-043689,TRESPASS,"5810 NORTH BELT Belleville, IL",38.541698,-90.0356983
7/16/2024 14:02,2024-043055,TRESPASS 24-03982,"3610 W A Belleville, IL",,
7/17/2024 15:03,2024-043348,TRESPASS 24-04002,"6410 W MAIN Belleville, IL",38.553263,-90.0391906
7/18/2024 23:15,2024-043690,TRESPASS 24-04026,"10 ARABELLE DR Belleville, IL",38.4976179,-89.9680992
7/15/2024 15:46,2024-042761,VEHICLE LOCKOUT,"7910 W WASHINGTON Belleville, IL",38.564165,-90.050634
7/16/2024 10:29,2024-042933,VEHICLE LOCKOUT,"10 N 45TH Belleville, IL",38.540871,-90.021907
7/17/2024 11:12,2024-043299,VEHICLE LOCKOUT,"5510 BELLEVILLE CROSSING Belleville, IL",38.523989,-90.0316367
7/15/2024 16:39,2024-042770,VIOLATION OF ORDER OF 24-03965 PROTECTION / NOT IN PROGRESS,"2110 SOUTHERN OAK Belleville, IL",38.5089712,-90.0264076
7/16/2024 18:47,2024-043146,VIOLATION OF ORDER OF 24-03987 PROTECTION / NOT IN PROGRESS,"610 ST CLAIR Belleville, IL",38.4750313,-89.9286139
7/18/2024 11:25,2024-043542,VISITATION VIOLATION,"720 W MAIN Belleville, IL",38.5133354,-89.9901936342252
7/15/2024 10:20,2024-042706,WARRANT,"4010 MEMORIAL DR Belleville, IL",38.5488558,-90.0157419
7/17/2024 8:41,2024-043269,WARRANT,"910 N CHARLES Belleville, IL",38.522192,-89.976156
7/17/2024 17:05,2024-043377,WARRANT,"1710 MASCOUTAH AVE Belleville, IL",38.5048926,-89.9494282
7/16/2024 13:33,2024-043039,WIRES DOWN,"110 S 29TH Belleville, IL",38.526689,-90.014173
